chapter,diagram,status,notes
01_core,overview.mmd,ok,
01_core,flow.mmd,ok,
01_core,architecture.mmd,ok,
01_runtime,overview.mmd,ok,
01_runtime,runtime_flow.mmd,ok,
01_runtime,flow.mmd,ok,
01_runtime,architecture.mmd,ok,
02_events,overview.mmd,ok,
02_events,event_flow.mmd,ok,
02_events,bus.mmd,ok,
02_events,flow.mmd,ok,
02_events,architecture.mmd,ok,
02_events,propagation.mmd,ok,
03_modules,overview.mmd,ok,
03_modules,flow.mmd,ok,
03_modules,modules_architecture.mmd,ok,
03_modules,modules_graph.mmd,ok,
03_modules,architecture.mmd,ok,
04_ui,combo.mmd,ok,
04_ui,analyzer.mmd,ok,
04_ui,hierarchy.mmd,ok,
04_ui,marketcombobox.mmd,ok,
04_ui,overview.mmd,ok,
04_ui,markettabs.mmd,ok,
04_ui,viplist.mmd,ok,
04_ui,bugreport.mmd,ok,
04_ui,textwindow.mmd,ok,
04_ui,textedit.mmd,ok,
04_ui,locales.mmd,ok,
04_ui,editvip.mmd,ok,
04_ui,itemdetails.mmd,ok,
04_ui,equipper.mmd,ok,
04_ui,HealBot.mmd,ok,
04_ui,options.mmd,ok,
04_ui,prey.mmd,ok,
04_ui,new_healer.mmd,ok,
04_ui,looting.mmd,ok,
04_ui,battle.mmd,ok,
04_ui,extras.mmd,ok,
04_ui,creature_editor.mmd,ok,
04_ui,outfitwindow.mmd,ok,
04_ui,ui_flow.mmd,ok,
04_ui,currentoffers.mmd,ok,
04_ui,Conditions.mmd,ok,
04_ui,questlogwindow.mmd,ok,
04_ui,market.mmd,ok,
04_ui,countwindow.mmd,ok,
04_ui,communicationwindow.mmd,ok,
04_ui,spelllist.mmd,ok,
04_ui,object.mmd,ok,
04_ui,npctrade.mmd,ok,
04_ui,gameinterface.mmd,ok,
04_ui,flow.mmd,ok,
04_ui,BotServer.mmd,ok,
04_ui,characterlist.mmd,ok,
04_ui,topbar.mmd,ok,
04_ui,itemoffers.mmd,ok,
04_ui,skills.mmd,ok,
04_ui,cooldown.mmd,ok,
04_ui,modaldialog.mmd,ok,
04_ui,playerlist.mmd,ok,
04_ui,hotkeys_manager.mmd,ok,
04_ui,supply.mmd,ok,
04_ui,depositer_config.mmd,ok,
04_ui,unjustifiedpoints.mmd,ok,
04_ui,panels.mmd,ok,
04_ui,itemselector.mmd,ok,
04_ui,marketbuttons.mmd,ok,
04_ui,channelswindow.mmd,ok,
04_ui,supplies.mmd,ok,
04_ui,AttackBot.mmd,ok,
04_ui,siolist.mmd,ok,
04_ui,actionbar.mmd,ok,
04_ui,tradewindow.mmd,ok,
04_ui,itemstats.mmd,ok,
04_ui,sideactionbar.mmd,ok,
04_ui,config.mmd,ok,
04_ui,icons.mmd,ok,
04_ui,browse.mmd,ok,
04_ui,pushmax.mmd,ok,
04_ui,imbuing.mmd,ok,
04_ui,widgets_hierarchy.mmd,ok,
04_ui,cavebot.mmd,ok,
04_ui,bot.mmd,ok,
04_ui,architecture.mmd,ok,
04_ui,editor.mmd,ok,
04_ui,alarms.mmd,ok,
04_ui,basic.mmd,ok,
04_ui,container.mmd,ok,
04_ui,spell.mmd,ok,
04_ui,terminal.mmd,ok,
04_ui,battlebutton.mmd,ok,
04_ui,stats.mmd,ok,
04_ui,ruleviolation.mmd,ok,
04_ui,deathwindow.mmd,ok,
04_ui,flagwindow.mmd,ok,
04_ui,textmessage.mmd,ok,
04_ui,target.mmd,ok,
04_ui,amountwindow.mmd,ok,
04_ui,shop.mmd,ok,
05_network,overview.mmd,ok,
05_network,handshake.mmd,ok,
05_network,network_sequence.mmd,ok,
05_network,flow.mmd,ok,
05_network,architecture.mmd,ok,
06_assets,overview.mmd,ok,
06_assets,assets_pipeline.mmd,ok,
06_assets,flow.mmd,ok,
06_assets,pipeline_flow.mmd,ok,
06_assets,architecture.mmd,ok,
07_settings_crypto,overview.mmd,ok,
07_settings_crypto,config_flow.mmd,ok,
07_settings_crypto,flow.mmd,ok,
07_settings_crypto,architecture.mmd,ok,
07_settings_crypto,crypto_overview.mmd,ok,
08_audio,overview.mmd,ok,
08_audio,routing.mmd,ok,
08_audio,audio_pipeline.mmd,ok,
08_audio,flow.mmd,ok,
08_audio,architecture.mmd,ok,
09_logging,overview.mmd,ok,
09_logging,flow.mmd,ok,
09_logging,logging_flow.mmd,ok,
09_logging,architecture.mmd,ok,
10_game_runtime,overview.mmd,ok,
10_game_runtime,loop.mmd,ok,
10_game_runtime,flow.mmd,ok,
10_game_runtime,runtime_loop.mmd,ok,
10_game_runtime,architecture.mmd,ok,
11_data,overview.mmd,ok,
11_data,asset_to_ui.mmd,ok,
11_data,assets_topology.mmd,ok,
11_data,data_overview.mmd,ok,
11_data,data_flow.mmd,ok,
11_data,asset_linking.mmd,ok,
12_otmod,overview.mmd,ok,
12_otmod,deps_graph.mmd,ok,
12_otmod,deps.mmd,ok,
12_otmod,lifecycle.mmd,ok,
13_layouts,overview.mmd,ok,
13_layouts,layouts_overview.mmd,ok,
13_layouts,layouts_topology.mmd,ok,
13_layouts,override_resolution.mmd,ok,
14_android,overview.mmd,ok,
14_android,android_build.mmd,ok,
14_android,android_tree.mmd,ok,
15_vc16,overview.mmd,ok,
15_vc16,solution_graph.mmd,ok,
