file,line,issue,details
README.md,1,missing_frontmatter,No front-matter block found
index_old.md,2,invalid_date_format,"Invalid ISO date: ""2025-10-17T23:29:18Z"""
MERMAID_FIX_COMPLETE.md,1,missing_frontmatter,No front-matter block found
COMPLETENESS_v1.md,1,missing_frontmatter,No front-matter block found
BATCH3_COMPLETE.md,1,missing_frontmatter,No front-matter block found
MERMAID_YAML_FIX_COMPLETE.md,1,missing_frontmatter,No front-matter block found
COMPLETION_SUMMARY.md,1,missing_frontmatter,No front-matter block found
EXECUTION_SUMMARY.md,1,missing_frontmatter,No front-matter block found
facets.md,1,missing_frontmatter,No front-matter block found
README.old.md,1,missing_frontmatter,No front-matter block found
SPRINT_TOP15_COMPLETE.md,1,missing_frontmatter,No front-matter block found
BATCH2_COMPLETE.md,1,missing_frontmatter,No front-matter block found
REBUILD_COMPLETE.md,1,missing_frontmatter,No front-matter block found
index.md,2,invalid_date_format,"Invalid ISO date: ""2025-10-18T01:42:00Z"""
COMPLETENESS.md,1,missing_frontmatter,No front-matter block found
relations.md,1,missing_frontmatter,No front-matter block found
datasets/index.md,1,missing_frontmatter,No front-matter block found
11_data/README.md,1,missing_frontmatter,No front-matter block found
11_data/index.md,2,invalid_date_format,"Invalid ISO date: ""2025-10-18T01:36:41.412740Z"""
14_android/README.md,1,missing_frontmatter,No front-matter block found
14_android/abi_configuration.md,1,missing_frontmatter,No front-matter block found
14_android/apk_signing.md,1,missing_frontmatter,No front-matter block found
14_android/index.md,2,invalid_date_format,"Invalid ISO date: ""2025-10-18T01:36:41.413344Z"""
04_ui/README.md,1,missing_frontmatter,No front-matter block found
04_ui/index.md,2,invalid_date_format,"Invalid ISO date: ""2025-10-18T01:36:41.411326Z"""
qa/qa_summary.md,1,missing_frontmatter,No front-matter block found
qa/index.md,1,missing_frontmatter,No front-matter block found
09_logging/README.md,1,missing_frontmatter,No front-matter block found
09_logging/index.md,2,invalid_date_format,"Invalid ISO date: ""2025-10-18T01:36:41.412346Z"""
artifacts/README.md,1,missing_frontmatter,No front-matter block found
artifacts/index.md,2,single_line_yaml,Front-matter is single-line (should be multiline)
03_modules/README.md,1,missing_frontmatter,No front-matter block found
03_modules/index.md,2,invalid_date_format,"Invalid ISO date: ""2025-10-18T01:36:41.411138Z"""
analytics/gaps.md,1,missing_frontmatter,No front-matter block found
analytics/index.md,1,missing_frontmatter,No front-matter block found
analytics/errors.md,1,missing_frontmatter,No front-matter block found
01_runtime/README.md,1,missing_frontmatter,No front-matter block found
01_runtime/index.md,2,invalid_date_format,"Invalid ISO date: ""2025-10-18T01:36:41.410718Z"""
05_network/README.md,1,missing_frontmatter,No front-matter block found
05_network/extended_opcodes.md,1,missing_frontmatter,No front-matter block found
05_network/appendix_tfs_extendedopcode.md,2,invalid_date_format,"Invalid ISO date: ""2025-10-18T01:38:00Z"""
05_network/packet_structure.md,1,missing_frontmatter,No front-matter block found
05_network/index.md,2,invalid_date_format,"Invalid ISO date: ""2025-10-18T01:36:41.411532Z"""
05_network/protocol_versions.md,1,missing_frontmatter,No front-matter block found
02_events/README.md,1,missing_frontmatter,No front-matter block found
02_events/index.md,2,invalid_date_format,"Invalid ISO date: ""2025-10-18T01:36:41.410923Z"""
08_audio/README.md,1,missing_frontmatter,No front-matter block found
08_audio/index.md,2,invalid_date_format,"Invalid ISO date: ""2025-10-18T01:36:41.412145Z"""
01_core/README.md,1,missing_frontmatter,No front-matter block found
01_core/index.md,2,invalid_date_format,"Invalid ISO date: ""2025-10-18T01:36:41.410424Z"""
05_events/index.md,2,single_line_yaml,Front-matter is single-line (should be multiline)
07_settings_crypto/README.md,1,missing_frontmatter,No front-matter block found
07_settings_crypto/index.md,2,invalid_date_format,"Invalid ISO date: ""2025-10-18T01:36:41.411933Z"""
szablony/changelog_release.md,1,missing_frontmatter,No front-matter block found
szablony/diagrams.md,1,missing_frontmatter,No front-matter block found
szablony/pr_template.md,1,missing_frontmatter,No front-matter block found
szablony/contributing.md,1,missing_frontmatter,No front-matter block found
szablony/security.md,1,missing_frontmatter,No front-matter block found
szablony/issue_templates.md,1,missing_frontmatter,No front-matter block found
szablony/code_of_conduct.md,1,missing_frontmatter,No front-matter block found
szablony/readme.md,1,missing_frontmatter,No front-matter block found
szablony/style_guide.md,1,missing_frontmatter,No front-matter block found
szablony/kitchen_sink.md,1,missing_frontmatter,No front-matter block found
szablony/adr.md,1,missing_frontmatter,No front-matter block found
szablony/index.md,2,single_line_yaml,Front-matter is single-line (should be multiline)
szablony/license_guide.md,1,missing_frontmatter,No front-matter block found
szablony/codeowners.md,1,missing_frontmatter,No front-matter block found
06_assets/README.md,1,missing_frontmatter,No front-matter block found
06_assets/index.md,2,invalid_date_format,"Invalid ISO date: ""2025-10-18T01:36:41.411736Z"""
12_otmod/README.md,1,missing_frontmatter,No front-matter block found
12_otmod/load_later_patterns.md,1,missing_frontmatter,No front-matter block found
12_otmod/index.md,2,invalid_date_format,"Invalid ISO date: ""2025-10-18T01:36:41.412944Z"""
12_otmod/sandbox_security.md,1,missing_frontmatter,No front-matter block found
15_vc16/angle_integration.md,1,missing_frontmatter,No front-matter block found
15_vc16/README.md,1,missing_frontmatter,No front-matter block found
15_vc16/dll_deployment.md,1,missing_frontmatter,No front-matter block found
15_vc16/egl_initialization.md,1,missing_frontmatter,No front-matter block found
15_vc16/index.md,2,invalid_date_format,"Invalid ISO date: ""2025-10-18T01:36:41.413535Z"""
13_layouts/theme_creation.md,1,missing_frontmatter,No front-matter block found
13_layouts/README.md,1,missing_frontmatter,No front-matter block found
13_layouts/index.md,2,invalid_date_format,"Invalid ISO date: ""2025-10-18T01:36:41.413158Z"""
10_game_runtime/README.md,1,missing_frontmatter,No front-matter block found
10_game_runtime/index.md,2,invalid_date_format,"Invalid ISO date: ""2025-10-18T01:36:41.412529Z"""
relations/index.md,1,missing_frontmatter,No front-matter block found
datasets/modules/index.md,1,missing_frontmatter,No front-matter block found
datasets/api/index.md,1,missing_frontmatter,No front-matter block found
datasets/ui/index.md,1,missing_frontmatter,No front-matter block found
datasets/chunks/index.md,1,missing_frontmatter,No front-matter block found
11_data/datasets/index.md,1,missing_frontmatter,No front-matter block found
11_data/diagrams/index.md,1,missing_frontmatter,No front-matter block found
11_data/datasets/index_parts/overview.md,1,missing_frontmatter,No front-matter block found
04_ui/datasets/index.md,1,missing_frontmatter,No front-matter block found
04_ui/otui/index.md,1,missing_frontmatter,No front-matter block found
04_ui/otui-templates/README.md,1,missing_frontmatter,No front-matter block found
04_ui/otui-templates/index.md,1,missing_frontmatter,No front-matter block found
04_ui/diagrams/index.md,1,missing_frontmatter,No front-matter block found
04_ui/otui/game_questlog/questlogwindow.md,2,invalid_date_format,"Invalid ISO date: ""2025-10-09T10:29:14Z"""
04_ui/otui/game_questlog/index.md,1,missing_frontmatter,No front-matter block found
04_ui/otui/game_spelllist/spelllist.md,2,invalid_date_format,"Invalid ISO date: ""2025-10-09T10:29:14Z"""
04_ui/otui/game_spelllist/index.md,1,missing_frontmatter,No front-matter block found
04_ui/otui/client_locales/locales.md,2,invalid_date_format,"Invalid ISO date: ""2025-10-09T10:29:14Z"""
04_ui/otui/client_locales/index.md,1,missing_frontmatter,No front-matter block found
04_ui/otui/game_playertrade/tradewindow.md,2,invalid_date_format,"Invalid ISO date: ""2025-10-09T10:29:14Z"""
04_ui/otui/game_playertrade/index.md,1,missing_frontmatter,No front-matter block found
04_ui/otui/game_imbuing/imbuing.md,2,invalid_date_format,"Invalid ISO date: ""2025-10-09T10:29:14Z"""
04_ui/otui/game_imbuing/index.md,1,missing_frontmatter,No front-matter block found
04_ui/otui/client_mobile/index.md,1,missing_frontmatter,No front-matter block found
04_ui/otui/client_mobile/mobile.md,2,invalid_date_format,"Invalid ISO date: ""2025-10-09T10:29:14Z"""
04_ui/otui/game_outfit/outfitwindow.md,2,invalid_date_format,"Invalid ISO date: ""2025-10-09T10:29:14Z"""
04_ui/otui/game_outfit/index.md,1,missing_frontmatter,No front-matter block found
04_ui/otui/game_itemselector/itemselector.md,2,invalid_date_format,"Invalid ISO date: ""2025-10-09T10:29:14Z"""
04_ui/otui/game_itemselector/index.md,1,missing_frontmatter,No front-matter block found
04_ui/otui/game_hotkeys/hotkeys_manager.md,2,invalid_date_format,"Invalid ISO date: ""2025-10-09T10:29:14Z"""
04_ui/otui/game_hotkeys/index.md,1,missing_frontmatter,No front-matter block found
04_ui/otui/game_textwindow/textwindow.md,2,invalid_date_format,"Invalid ISO date: ""2025-10-09T10:29:14Z"""
04_ui/otui/game_textwindow/index.md,1,missing_frontmatter,No front-matter block found
04_ui/otui/updater/updater.md,2,invalid_date_format,"Invalid ISO date: ""2025-10-09T10:29:14Z"""
04_ui/otui/updater/index.md,1,missing_frontmatter,No front-matter block found
04_ui/otui/game_shop/transfer.md,2,invalid_date_format,"Invalid ISO date: ""2025-10-09T10:29:14Z"""
04_ui/otui/game_shop/shop.md,2,invalid_date_format,"Invalid ISO date: ""2025-10-09T10:29:14Z"""
04_ui/otui/game_shop/index.md,1,missing_frontmatter,No front-matter block found
04_ui/otui/game_battle/battle.md,2,invalid_date_format,"Invalid ISO date: ""2025-10-09T10:29:14Z"""
04_ui/otui/game_battle/index.md,1,missing_frontmatter,No front-matter block found
04_ui/otui/game_battle/battlebutton.md,2,invalid_date_format,"Invalid ISO date: ""2025-10-09T10:29:14Z"""
04_ui/otui/game_actionbar/hotkey.md,2,invalid_date_format,"Invalid ISO date: ""2025-10-09T10:29:14Z"""
04_ui/otui/game_actionbar/sideactionbar.md,2,invalid_date_format,"Invalid ISO date: ""2025-10-09T10:29:14Z"""
04_ui/otui/game_actionbar/spell.md,2,invalid_date_format,"Invalid ISO date: ""2025-10-09T10:29:14Z"""
04_ui/otui/game_actionbar/actionbar.md,2,invalid_date_format,"Invalid ISO date: ""2025-10-09T10:29:14Z"""
04_ui/otui/game_actionbar/index.md,1,missing_frontmatter,No front-matter block found
04_ui/otui/game_actionbar/object.md,2,invalid_date_format,"Invalid ISO date: ""2025-10-09T10:29:14Z"""
04_ui/otui/game_actionbar/text.md,2,invalid_date_format,"Invalid ISO date: ""2025-10-09T10:29:14Z"""
04_ui/otui/game_buttons/index.md,1,missing_frontmatter,No front-matter block found
04_ui/otui/game_buttons/buttons.md,2,invalid_date_format,"Invalid ISO date: ""2025-10-09T10:29:14Z"""
04_ui/otui/game_skills/index.md,1,missing_frontmatter,No front-matter block found
04_ui/otui/game_skills/skills.md,2,invalid_date_format,"Invalid ISO date: ""2025-10-09T10:29:14Z"""
04_ui/otui/client_feedback/feedback.md,2,invalid_date_format,"Invalid ISO date: ""2025-10-09T10:29:14Z"""
04_ui/otui/client_feedback/index.md,1,missing_frontmatter,No front-matter block found
04_ui/otui/game_interface/gameinterface.md,2,invalid_date_format,"Invalid ISO date: ""2025-10-09T10:29:14Z"""
04_ui/otui/game_interface/index.md,1,missing_frontmatter,No front-matter block found
04_ui/otui/client_options/console.md,2,invalid_date_format,"Invalid ISO date: ""2025-10-09T10:29:14Z"""
04_ui/otui/client_options/options.md,2,invalid_date_format,"Invalid ISO date: ""2025-10-09T10:29:14Z"""
04_ui/otui/client_options/custom.md,2,invalid_date_format,"Invalid ISO date: ""2025-10-09T10:29:14Z"""
04_ui/otui/client_options/game.md,2,invalid_date_format,"Invalid ISO date: ""2025-10-09T10:29:14Z"""
04_ui/otui/client_options/interface.md,2,invalid_date_format,"Invalid ISO date: ""2025-10-09T10:29:14Z"""
04_ui/otui/client_options/index.md,1,missing_frontmatter,No front-matter block found
04_ui/otui/client_options/audio.md,2,invalid_date_format,"Invalid ISO date: ""2025-10-09T10:29:14Z"""
04_ui/otui/client_options/graphics.md,2,invalid_date_format,"Invalid ISO date: ""2025-10-09T10:29:14Z"""
04_ui/otui/game_playerdeath/deathwindow.md,2,invalid_date_format,"Invalid ISO date: ""2025-10-09T10:29:14Z"""
04_ui/otui/game_playerdeath/index.md,1,missing_frontmatter,No front-matter block found
04_ui/otui/client_background/background.md,2,invalid_date_format,"Invalid ISO date: ""2025-10-09T10:29:14Z"""
04_ui/otui/client_background/index.md,1,missing_frontmatter,No front-matter block found
04_ui/otui/game_cooldown/cooldown.md,2,invalid_date_format,"Invalid ISO date: ""2025-10-09T10:29:14Z"""
04_ui/otui/game_cooldown/index.md,1,missing_frontmatter,No front-matter block found
04_ui/otui/game_ruleviolation/index.md,1,missing_frontmatter,No front-matter block found
04_ui/otui/game_ruleviolation/ruleviolation.md,2,invalid_date_format,"Invalid ISO date: ""2025-10-09T10:29:14Z"""
04_ui/otui/game_minimap/flagwindow.md,2,invalid_date_format,"Invalid ISO date: ""2025-10-09T10:29:14Z"""
04_ui/otui/game_minimap/minimap.md,2,invalid_date_format,"Invalid ISO date: ""2025-10-09T10:29:14Z"""
04_ui/otui/game_minimap/index.md,1,missing_frontmatter,No front-matter block found
04_ui/otui/game_healthinfo/healthinfo.md,2,invalid_date_format,"Invalid ISO date: ""2025-10-09T10:29:14Z"""
04_ui/otui/game_healthinfo/index.md,1,missing_frontmatter,No front-matter block found
04_ui/otui/game_viplist/addvip.md,2,invalid_date_format,"Invalid ISO date: ""2025-10-09T10:29:14Z"""
04_ui/otui/game_viplist/editvip.md,2,invalid_date_format,"Invalid ISO date: ""2025-10-09T10:29:14Z"""
04_ui/otui/game_viplist/viplist.md,2,invalid_date_format,"Invalid ISO date: ""2025-10-09T10:29:14Z"""
04_ui/otui/game_viplist/index.md,1,missing_frontmatter,No front-matter block found
04_ui/otui/game_inventory/inventory.md,2,invalid_date_format,"Invalid ISO date: ""2025-10-09T10:29:14Z"""
04_ui/otui/game_inventory/index.md,1,missing_frontmatter,No front-matter block found
04_ui/otui/game_unjustifiedpoints/index.md,1,missing_frontmatter,No front-matter block found
04_ui/otui/game_unjustifiedpoints/unjustifiedpoints.md,2,invalid_date_format,"Invalid ISO date: ""2025-10-09T10:29:14Z"""
04_ui/otui/game_console/communicationwindow.md,2,invalid_date_format,"Invalid ISO date: ""2025-10-09T10:29:14Z"""
04_ui/otui/game_console/console.md,2,invalid_date_format,"Invalid ISO date: ""2025-10-09T10:29:14Z"""
04_ui/otui/game_console/violationwindow.md,2,invalid_date_format,"Invalid ISO date: ""2025-10-09T10:29:14Z"""
04_ui/otui/game_console/channelswindow.md,2,invalid_date_format,"Invalid ISO date: ""2025-10-09T10:29:14Z"""
04_ui/otui/game_console/index.md,1,missing_frontmatter,No front-matter block found
04_ui/otui/game_bugreport/bugreport.md,2,invalid_date_format,"Invalid ISO date: ""2025-10-09T10:29:14Z"""
04_ui/otui/game_bugreport/index.md,1,missing_frontmatter,No front-matter block found
04_ui/otui/game_prey/prey.md,2,invalid_date_format,"Invalid ISO date: ""2025-10-09T10:29:14Z"""
04_ui/otui/game_prey/index.md,1,missing_frontmatter,No front-matter block found
04_ui/otui/client_entergame/characterlist.md,2,invalid_date_format,"Invalid ISO date: ""2025-10-09T10:29:14Z"""
04_ui/otui/client_entergame/entergame.md,2,invalid_date_format,"Invalid ISO date: ""2025-10-09T10:29:14Z"""
04_ui/otui/client_entergame/waitinglist.md,2,invalid_date_format,"Invalid ISO date: ""2025-10-09T10:29:14Z"""
04_ui/otui/client_entergame/index.md,1,missing_frontmatter,No front-matter block found
04_ui/otui/game_market/market.md,2,invalid_date_format,"Invalid ISO date: ""2025-10-09T10:29:14Z"""
04_ui/otui/game_market/index.md,1,missing_frontmatter,No front-matter block found
04_ui/otui/game_npctrade/npctrade.md,2,invalid_date_format,"Invalid ISO date: ""2025-10-09T10:29:14Z"""
04_ui/otui/game_npctrade/index.md,1,missing_frontmatter,No front-matter block found
04_ui/otui/game_topbar/topbar.md,2,invalid_date_format,"Invalid ISO date: ""2025-10-09T10:29:14Z"""
04_ui/otui/game_topbar/index.md,1,missing_frontmatter,No front-matter block found
04_ui/otui/client_terminal/terminal.md,2,invalid_date_format,"Invalid ISO date: ""2025-10-09T10:29:14Z"""
04_ui/otui/client_terminal/index.md,1,missing_frontmatter,No front-matter block found
04_ui/otui/client_stats/stats.md,2,invalid_date_format,"Invalid ISO date: ""2025-10-09T10:29:14Z"""
04_ui/otui/client_stats/index.md,1,missing_frontmatter,No front-matter block found
04_ui/otui/client_textedit/textedit.md,2,invalid_date_format,"Invalid ISO date: ""2025-10-09T10:29:14Z"""
04_ui/otui/client_textedit/index.md,1,missing_frontmatter,No front-matter block found
04_ui/otui/game_stats/stats.md,2,invalid_date_format,"Invalid ISO date: ""2025-10-09T10:29:14Z"""
04_ui/otui/game_stats/index.md,1,missing_frontmatter,No front-matter block found
04_ui/otui/game_bot/bot.md,2,invalid_date_format,"Invalid ISO date: ""2025-10-09T10:29:14Z"""
04_ui/otui/game_bot/edit.md,2,invalid_date_format,"Invalid ISO date: ""2025-10-09T10:29:14Z"""
04_ui/otui/game_bot/index.md,1,missing_frontmatter,No front-matter block found
04_ui/otui/game_modaldialog/modaldialog.md,2,invalid_date_format,"Invalid ISO date: ""2025-10-09T10:29:14Z"""
04_ui/otui/game_modaldialog/index.md,1,missing_frontmatter,No front-matter block found
04_ui/otui/game_textmessage/textmessage.md,2,invalid_date_format,"Invalid ISO date: ""2025-10-09T10:29:14Z"""
04_ui/otui/game_textmessage/index.md,1,missing_frontmatter,No front-matter block found
04_ui/otui/game_interface/styles/countwindow.md,2,invalid_date_format,"Invalid ISO date: ""2025-10-09T10:29:14Z"""
04_ui/otui/game_interface/styles/index.md,1,missing_frontmatter,No front-matter block found
04_ui/otui/game_market/ui/myoffers.md,2,invalid_date_format,"Invalid ISO date: ""2025-10-09T10:29:14Z"""
04_ui/otui/game_market/ui/marketoffers.md,2,invalid_date_format,"Invalid ISO date: ""2025-10-09T10:29:14Z"""
04_ui/otui/game_market/ui/index.md,1,missing_frontmatter,No front-matter block found
04_ui/otui/game_market/ui/myoffers/itemoffers.md,2,invalid_date_format,"Invalid ISO date: ""2025-10-09T10:29:14Z"""
04_ui/otui/game_market/ui/myoffers/currentoffers.md,2,invalid_date_format,"Invalid ISO date: ""2025-10-09T10:29:14Z"""
04_ui/otui/game_market/ui/myoffers/offerhistory.md,2,invalid_date_format,"Invalid ISO date: ""2025-10-09T10:29:14Z"""
04_ui/otui/game_market/ui/myoffers/index.md,1,missing_frontmatter,No front-matter block found
04_ui/otui/game_market/ui/general/amountwindow.md,2,invalid_date_format,"Invalid ISO date: ""2025-10-09T10:29:14Z"""
04_ui/otui/game_market/ui/general/marketcombobox.md,2,invalid_date_format,"Invalid ISO date: ""2025-10-09T10:29:14Z"""
04_ui/otui/game_market/ui/general/index.md,1,missing_frontmatter,No front-matter block found
04_ui/otui/game_market/ui/general/markettabs.md,2,invalid_date_format,"Invalid ISO date: ""2025-10-09T10:29:14Z"""
04_ui/otui/game_market/ui/general/marketbuttons.md,2,invalid_date_format,"Invalid ISO date: ""2025-10-09T10:29:14Z"""
04_ui/otui/game_market/ui/marketoffers/itemoffers.md,2,invalid_date_format,"Invalid ISO date: ""2025-10-09T10:29:14Z"""
04_ui/otui/game_market/ui/marketoffers/overview.md,2,invalid_date_format,"Invalid ISO date: ""2025-10-09T10:29:14Z"""
04_ui/otui/game_market/ui/marketoffers/browse.md,2,invalid_date_format,"Invalid ISO date: ""2025-10-09T10:29:14Z"""
04_ui/otui/game_market/ui/marketoffers/itemdetails.md,2,invalid_date_format,"Invalid ISO date: ""2025-10-09T10:29:14Z"""
04_ui/otui/game_market/ui/marketoffers/index.md,1,missing_frontmatter,No front-matter block found
04_ui/otui/game_market/ui/marketoffers/itemstats.md,2,invalid_date_format,"Invalid ISO date: ""2025-10-09T10:29:14Z"""
04_ui/otui/game_bot/default_configs/index.md,1,missing_frontmatter,No front-matter block found
04_ui/otui/game_bot/ui/basic.md,2,invalid_date_format,"Invalid ISO date: ""2025-10-09T10:29:14Z"""
04_ui/otui/game_bot/ui/container.md,2,invalid_date_format,"Invalid ISO date: ""2025-10-09T10:29:14Z"""
04_ui/otui/game_bot/ui/config.md,2,invalid_date_format,"Invalid ISO date: ""2025-10-09T10:29:14Z"""
04_ui/otui/game_bot/ui/icons.md,2,invalid_date_format,"Invalid ISO date: ""2025-10-09T10:29:14Z"""
04_ui/otui/game_bot/ui/index.md,1,missing_frontmatter,No front-matter block found
04_ui/otui/game_bot/ui/panels.md,2,invalid_date_format,"Invalid ISO date: ""2025-10-09T10:29:14Z"""
04_ui/otui/game_bot/default_configs/vBot_4.7/index.md,1,missing_frontmatter,No front-matter block found
04_ui/otui/game_bot/default_configs/cavebot_1.3/index.md,1,missing_frontmatter,No front-matter block found
04_ui/otui/game_bot/default_configs/vBot_4.8/index.md,1,missing_frontmatter,No front-matter block found
04_ui/otui/game_bot/default_configs/vBot_4.7/cavebot/cavebot.md,2,invalid_date_format,"Invalid ISO date: ""2025-10-09T10:29:14Z"""
04_ui/otui/game_bot/default_configs/vBot_4.7/cavebot/config.md,2,invalid_date_format,"Invalid ISO date: ""2025-10-09T10:29:14Z"""
04_ui/otui/game_bot/default_configs/vBot_4.7/cavebot/index.md,1,missing_frontmatter,No front-matter block found
04_ui/otui/game_bot/default_configs/vBot_4.7/cavebot/editor.md,2,invalid_date_format,"Invalid ISO date: ""2025-10-09T10:29:14Z"""
04_ui/otui/game_bot/default_configs/vBot_4.7/vBot/HealBot.md,2,invalid_date_format,"Invalid ISO date: ""2025-10-09T10:29:14Z"""
04_ui/otui/game_bot/default_configs/vBot_4.7/vBot/playerlist.md,2,invalid_date_format,"Invalid ISO date: ""2025-10-09T10:29:14Z"""
04_ui/otui/game_bot/default_configs/vBot_4.7/vBot/siolist.md,2,invalid_date_format,"Invalid ISO date: ""2025-10-09T10:29:14Z"""
04_ui/otui/game_bot/default_configs/vBot_4.7/vBot/Conditions.md,2,invalid_date_format,"Invalid ISO date: ""2025-10-09T10:29:14Z"""
04_ui/otui/game_bot/default_configs/vBot_4.7/vBot/new_healer.md,2,invalid_date_format,"Invalid ISO date: ""2025-10-09T10:29:14Z"""
04_ui/otui/game_bot/default_configs/vBot_4.7/vBot/alarms.md,2,invalid_date_format,"Invalid ISO date: ""2025-10-09T10:29:14Z"""
04_ui/otui/game_bot/default_configs/vBot_4.7/vBot/pushmax.md,2,invalid_date_format,"Invalid ISO date: ""2025-10-09T10:29:14Z"""
04_ui/otui/game_bot/default_configs/vBot_4.7/vBot/analyzer.md,2,invalid_date_format,"Invalid ISO date: ""2025-10-09T10:29:14Z"""
04_ui/otui/game_bot/default_configs/vBot_4.7/vBot/equipper.md,2,invalid_date_format,"Invalid ISO date: ""2025-10-09T10:29:14Z"""
04_ui/otui/game_bot/default_configs/vBot_4.7/vBot/AttackBot.md,2,invalid_date_format,"Invalid ISO date: ""2025-10-09T10:29:14Z"""
04_ui/otui/game_bot/default_configs/vBot_4.7/vBot/extras.md,2,invalid_date_format,"Invalid ISO date: ""2025-10-09T10:29:14Z"""
04_ui/otui/game_bot/default_configs/vBot_4.7/vBot/supplies.md,2,invalid_date_format,"Invalid ISO date: ""2025-10-09T10:29:14Z"""
04_ui/otui/game_bot/default_configs/vBot_4.7/vBot/depositer_config.md,2,invalid_date_format,"Invalid ISO date: ""2025-10-09T10:29:14Z"""
04_ui/otui/game_bot/default_configs/vBot_4.7/vBot/index.md,1,missing_frontmatter,No front-matter block found
04_ui/otui/game_bot/default_configs/vBot_4.7/vBot/combo.md,2,invalid_date_format,"Invalid ISO date: ""2025-10-09T10:29:14Z"""
04_ui/otui/game_bot/default_configs/vBot_4.7/vBot/BotServer.md,2,invalid_date_format,"Invalid ISO date: ""2025-10-09T10:29:14Z"""
04_ui/otui/game_bot/default_configs/vBot_4.7/targetbot/creature_editor.md,2,invalid_date_format,"Invalid ISO date: ""2025-10-09T10:29:14Z"""
04_ui/otui/game_bot/default_configs/vBot_4.7/targetbot/looting.md,2,invalid_date_format,"Invalid ISO date: ""2025-10-09T10:29:14Z"""
04_ui/otui/game_bot/default_configs/vBot_4.7/targetbot/target.md,2,invalid_date_format,"Invalid ISO date: ""2025-10-09T10:29:14Z"""
04_ui/otui/game_bot/default_configs/vBot_4.7/targetbot/index.md,1,missing_frontmatter,No front-matter block found
04_ui/otui/game_bot/default_configs/cavebot_1.3/cavebot/cavebot.md,2,invalid_date_format,"Invalid ISO date: ""2025-10-09T10:29:14Z"""
04_ui/otui/game_bot/default_configs/cavebot_1.3/cavebot/supply.md,2,invalid_date_format,"Invalid ISO date: ""2025-10-09T10:29:14Z"""
04_ui/otui/game_bot/default_configs/cavebot_1.3/cavebot/config.md,2,invalid_date_format,"Invalid ISO date: ""2025-10-09T10:29:14Z"""
04_ui/otui/game_bot/default_configs/cavebot_1.3/cavebot/index.md,1,missing_frontmatter,No front-matter block found
04_ui/otui/game_bot/default_configs/cavebot_1.3/cavebot/editor.md,2,invalid_date_format,"Invalid ISO date: ""2025-10-09T10:29:14Z"""
04_ui/otui/game_bot/default_configs/cavebot_1.3/targetbot/creature_editor.md,2,invalid_date_format,"Invalid ISO date: ""2025-10-09T10:29:14Z"""
04_ui/otui/game_bot/default_configs/cavebot_1.3/targetbot/looting.md,2,invalid_date_format,"Invalid ISO date: ""2025-10-09T10:29:14Z"""
04_ui/otui/game_bot/default_configs/cavebot_1.3/targetbot/target.md,2,invalid_date_format,"Invalid ISO date: ""2025-10-09T10:29:14Z"""
04_ui/otui/game_bot/default_configs/cavebot_1.3/targetbot/index.md,1,missing_frontmatter,No front-matter block found
04_ui/otui/game_bot/default_configs/vBot_4.8/cavebot/cavebot.md,2,invalid_date_format,"Invalid ISO date: ""2025-10-09T10:29:14Z"""
04_ui/otui/game_bot/default_configs/vBot_4.8/cavebot/config.md,2,invalid_date_format,"Invalid ISO date: ""2025-10-09T10:29:14Z"""
04_ui/otui/game_bot/default_configs/vBot_4.8/cavebot/index.md,1,missing_frontmatter,No front-matter block found
04_ui/otui/game_bot/default_configs/vBot_4.8/cavebot/editor.md,2,invalid_date_format,"Invalid ISO date: ""2025-10-09T10:29:14Z"""
04_ui/otui/game_bot/default_configs/vBot_4.8/vBot/HealBot.md,2,invalid_date_format,"Invalid ISO date: ""2025-10-09T10:29:14Z"""
04_ui/otui/game_bot/default_configs/vBot_4.8/vBot/playerlist.md,2,invalid_date_format,"Invalid ISO date: ""2025-10-09T10:29:14Z"""
04_ui/otui/game_bot/default_configs/vBot_4.8/vBot/siolist.md,2,invalid_date_format,"Invalid ISO date: ""2025-10-09T10:29:14Z"""
04_ui/otui/game_bot/default_configs/vBot_4.8/vBot/Conditions.md,2,invalid_date_format,"Invalid ISO date: ""2025-10-09T10:29:14Z"""
04_ui/otui/game_bot/default_configs/vBot_4.8/vBot/new_healer.md,2,invalid_date_format,"Invalid ISO date: ""2025-10-09T10:29:14Z"""
04_ui/otui/game_bot/default_configs/vBot_4.8/vBot/alarms.md,2,invalid_date_format,"Invalid ISO date: ""2025-10-09T10:29:14Z"""
04_ui/otui/game_bot/default_configs/vBot_4.8/vBot/pushmax.md,2,invalid_date_format,"Invalid ISO date: ""2025-10-09T10:29:14Z"""
04_ui/otui/game_bot/default_configs/vBot_4.8/vBot/analyzer.md,2,invalid_date_format,"Invalid ISO date: ""2025-10-09T10:29:14Z"""
04_ui/otui/game_bot/default_configs/vBot_4.8/vBot/equipper.md,2,invalid_date_format,"Invalid ISO date: ""2025-10-09T10:29:14Z"""
04_ui/otui/game_bot/default_configs/vBot_4.8/vBot/AttackBot.md,2,invalid_date_format,"Invalid ISO date: ""2025-10-09T10:29:14Z"""
04_ui/otui/game_bot/default_configs/vBot_4.8/vBot/extras.md,2,invalid_date_format,"Invalid ISO date: ""2025-10-09T10:29:14Z"""
04_ui/otui/game_bot/default_configs/vBot_4.8/vBot/supplies.md,2,invalid_date_format,"Invalid ISO date: ""2025-10-09T10:29:14Z"""
04_ui/otui/game_bot/default_configs/vBot_4.8/vBot/depositer_config.md,2,invalid_date_format,"Invalid ISO date: ""2025-10-09T10:29:14Z"""
04_ui/otui/game_bot/default_configs/vBot_4.8/vBot/index.md,1,missing_frontmatter,No front-matter block found
04_ui/otui/game_bot/default_configs/vBot_4.8/vBot/combo.md,2,invalid_date_format,"Invalid ISO date: ""2025-10-09T10:29:14Z"""
04_ui/otui/game_bot/default_configs/vBot_4.8/vBot/BotServer.md,2,invalid_date_format,"Invalid ISO date: ""2025-10-09T10:29:14Z"""
04_ui/otui/game_bot/default_configs/vBot_4.8/targetbot/creature_editor.md,2,invalid_date_format,"Invalid ISO date: ""2025-10-09T10:29:14Z"""
04_ui/otui/game_bot/default_configs/vBot_4.8/targetbot/looting.md,2,invalid_date_format,"Invalid ISO date: ""2025-10-09T10:29:14Z"""
04_ui/otui/game_bot/default_configs/vBot_4.8/targetbot/target.md,2,invalid_date_format,"Invalid ISO date: ""2025-10-09T10:29:14Z"""
04_ui/otui/game_bot/default_configs/vBot_4.8/targetbot/index.md,1,missing_frontmatter,No front-matter block found
04_ui/otui-templates/widgets/index.md,1,missing_frontmatter,No front-matter block found
04_ui/otui-templates/diagrams/index.md,1,missing_frontmatter,No front-matter block found
09_logging/datasets/index.md,1,missing_frontmatter,No front-matter block found
09_logging/diagrams/index.md,1,missing_frontmatter,No front-matter block found
03_modules/datasets/index.md,1,missing_frontmatter,No front-matter block found
03_modules/diagrams/index.md,1,missing_frontmatter,No front-matter block found
03_modules/lua/index.md,1,missing_frontmatter,No front-matter block found
03_modules/lua/game_questlog/questlog.md,2,invalid_date_format,"Invalid ISO date: ""2025-10-09T10:29:06Z"""
03_modules/lua/game_questlog/index.md,1,missing_frontmatter,No front-matter block found
03_modules/lua/game_spelllist/spelllist.md,2,invalid_date_format,"Invalid ISO date: ""2025-10-09T10:29:06Z"""
03_modules/lua/game_spelllist/index.md,1,missing_frontmatter,No front-matter block found
03_modules/lua/client_locales/neededtranslations.md,2,invalid_date_format,"Invalid ISO date: ""2025-10-09T10:29:04Z"""
03_modules/lua/client_locales/locales.md,2,invalid_date_format,"Invalid ISO date: ""2025-10-09T10:29:04Z"""
03_modules/lua/client_locales/index.md,1,missing_frontmatter,No front-matter block found
03_modules/lua/game_containers/containers.md,2,invalid_date_format,"Invalid ISO date: ""2025-10-09T10:29:05Z"""
03_modules/lua/game_containers/index.md,1,missing_frontmatter,No front-matter block found
03_modules/lua/game_playertrade/index.md,1,missing_frontmatter,No front-matter block found
03_modules/lua/game_playertrade/playertrade.md,2,invalid_date_format,"Invalid ISO date: ""2025-10-09T10:29:06Z"""
03_modules/lua/game_imbuing/imbuing.md,2,invalid_date_format,"Invalid ISO date: ""2025-10-09T10:29:05Z"""
03_modules/lua/game_imbuing/index.md,1,missing_frontmatter,No front-matter block found
03_modules/lua/crash_reporter/crash_reporter.md,2,invalid_date_format,"Invalid ISO date: ""2025-10-09T10:29:05Z"""
03_modules/lua/crash_reporter/index.md,1,missing_frontmatter,No front-matter block found
03_modules/lua/client_mobile/index.md,1,missing_frontmatter,No front-matter block found
03_modules/lua/client_mobile/mobile.md,2,invalid_date_format,"Invalid ISO date: ""2025-10-09T10:29:04Z"""
03_modules/lua/game_outfit/index.md,1,missing_frontmatter,No front-matter block found
03_modules/lua/game_outfit/outfit.md,2,invalid_date_format,"Invalid ISO date: ""2025-10-09T10:29:06Z"""
03_modules/lua/client_topmenu/topmenu.md,2,invalid_date_format,"Invalid ISO date: ""2025-10-09T10:29:04Z"""
03_modules/lua/client_topmenu/index.md,1,missing_frontmatter,No front-matter block found
03_modules/lua/game_itemselector/itemselector.md,2,invalid_date_format,"Invalid ISO date: ""2025-10-09T10:29:05Z"""
03_modules/lua/game_itemselector/index.md,1,missing_frontmatter,No front-matter block found
03_modules/lua/game_hotkeys/hotkeys_manager.md,2,invalid_date_format,"Invalid ISO date: ""2025-10-09T10:29:05Z"""
03_modules/lua/game_hotkeys/hotkeys_extra.md,2,invalid_date_format,"Invalid ISO date: ""2025-10-09T10:29:05Z"""
03_modules/lua/game_hotkeys/index.md,1,missing_frontmatter,No front-matter block found
03_modules/lua/game_shaders/shaders.md,2,invalid_date_format,"Invalid ISO date: ""2025-10-09T10:29:06Z"""
03_modules/lua/game_shaders/index.md,1,missing_frontmatter,No front-matter block found
03_modules/lua/game_textwindow/textwindow.md,2,invalid_date_format,"Invalid ISO date: ""2025-10-09T10:29:06Z"""
03_modules/lua/game_textwindow/index.md,1,missing_frontmatter,No front-matter block found
03_modules/lua/updater/updater.md,2,invalid_date_format,"Invalid ISO date: ""2025-10-09T10:29:06Z"""
03_modules/lua/updater/index.md,1,missing_frontmatter,No front-matter block found
03_modules/lua/game_shop/shop.md,2,invalid_date_format,"Invalid ISO date: ""2025-10-09T10:29:06Z"""
03_modules/lua/game_shop/index.md,1,missing_frontmatter,No front-matter block found
03_modules/lua/game_protocol/protocol.md,2,invalid_date_format,"Invalid ISO date: ""2025-10-09T10:29:06Z"""
03_modules/lua/game_protocol/index.md,1,missing_frontmatter,No front-matter block found
03_modules/lua/game_battle/battle.md,2,invalid_date_format,"Invalid ISO date: ""2025-10-09T10:29:05Z"""
03_modules/lua/game_battle/index.md,1,missing_frontmatter,No front-matter block found
03_modules/lua/game_actionbar/actionbar.md,2,invalid_date_format,"Invalid ISO date: ""2025-10-09T10:29:05Z"""
03_modules/lua/game_actionbar/index.md,1,missing_frontmatter,No front-matter block found
03_modules/lua/game_features/features.md,2,invalid_date_format,"Invalid ISO date: ""2025-10-09T10:29:05Z"""
03_modules/lua/game_features/index.md,1,missing_frontmatter,No front-matter block found
03_modules/lua/game_buttons/index.md,1,missing_frontmatter,No front-matter block found
03_modules/lua/game_buttons/buttons.md,2,invalid_date_format,"Invalid ISO date: ""2025-10-09T10:29:05Z"""
03_modules/lua/game_skills/index.md,1,missing_frontmatter,No front-matter block found
03_modules/lua/game_skills/skills.md,2,invalid_date_format,"Invalid ISO date: ""2025-10-09T10:29:06Z"""
03_modules/lua/client_feedback/feedback.md,2,invalid_date_format,"Invalid ISO date: ""2025-10-09T10:29:04Z"""
03_modules/lua/client_feedback/index.md,1,missing_frontmatter,No front-matter block found
03_modules/lua/game_interface/gameinterface.md,2,invalid_date_format,"Invalid ISO date: ""2025-10-09T10:29:05Z"""
03_modules/lua/game_interface/index.md,1,missing_frontmatter,No front-matter block found
03_modules/lua/client_options/options.md,2,invalid_date_format,"Invalid ISO date: ""2025-10-09T10:29:04Z"""
03_modules/lua/client_options/index.md,1,missing_frontmatter,No front-matter block found
03_modules/lua/game_playerdeath/index.md,1,missing_frontmatter,No front-matter block found
03_modules/lua/game_playerdeath/playerdeath.md,2,invalid_date_format,"Invalid ISO date: ""2025-10-09T10:29:06Z"""
03_modules/lua/client_background/background.md,2,invalid_date_format,"Invalid ISO date: ""2025-10-09T10:29:04Z"""
03_modules/lua/client_background/index.md,1,missing_frontmatter,No front-matter block found
03_modules/lua/game_cooldown/cooldown.md,2,invalid_date_format,"Invalid ISO date: ""2025-10-09T10:29:05Z"""
03_modules/lua/game_cooldown/index.md,1,missing_frontmatter,No front-matter block found
03_modules/lua/game_ruleviolation/index.md,1,missing_frontmatter,No front-matter block found
03_modules/lua/game_ruleviolation/ruleviolation.md,2,invalid_date_format,"Invalid ISO date: ""2025-10-09T10:29:06Z"""
03_modules/lua/game_minimap/minimap.md,2,invalid_date_format,"Invalid ISO date: ""2025-10-09T10:29:05Z"""
03_modules/lua/game_minimap/index.md,1,missing_frontmatter,No front-matter block found
03_modules/lua/client/client.md,2,invalid_date_format,"Invalid ISO date: ""2025-10-09T10:29:04Z"""
03_modules/lua/client/index.md,1,missing_frontmatter,No front-matter block found
03_modules/lua/game_things/things.md,2,invalid_date_format,"Invalid ISO date: ""2025-10-09T10:29:06Z"""
03_modules/lua/game_things/index.md,1,missing_frontmatter,No front-matter block found
03_modules/lua/client_styles/index.md,1,missing_frontmatter,No front-matter block found
03_modules/lua/client_styles/styles.md,2,invalid_date_format,"Invalid ISO date: ""2025-10-09T10:29:04Z"""
03_modules/lua/game_healthinfo/healthinfo.md,2,invalid_date_format,"Invalid ISO date: ""2025-10-09T10:29:05Z"""
03_modules/lua/game_healthinfo/index.md,1,missing_frontmatter,No front-matter block found
03_modules/lua/game_viplist/viplist.md,2,invalid_date_format,"Invalid ISO date: ""2025-10-09T10:29:06Z"""
03_modules/lua/game_viplist/index.md,1,missing_frontmatter,No front-matter block found
03_modules/lua/corelib/table.md,2,invalid_date_format,"Invalid ISO date: ""2025-10-09T10:29:05Z"""
03_modules/lua/corelib/string.md,2,invalid_date_format,"Invalid ISO date: ""2025-10-09T10:29:05Z"""
03_modules/lua/corelib/http.md,2,invalid_date_format,"Invalid ISO date: ""2025-10-09T10:29:04Z"""
03_modules/lua/corelib/outputmessage.md,2,invalid_date_format,"Invalid ISO date: ""2025-10-09T10:29:05Z"""
03_modules/lua/corelib/util.md,2,invalid_date_format,"Invalid ISO date: ""2025-10-09T10:29:05Z"""
03_modules/lua/corelib/mouse.md,2,invalid_date_format,"Invalid ISO date: ""2025-10-09T10:29:05Z"""
03_modules/lua/corelib/inputmessage.md,2,invalid_date_format,"Invalid ISO date: ""2025-10-09T10:29:04Z"""
03_modules/lua/corelib/test.md,2,invalid_date_format,"Invalid ISO date: ""2025-10-09T10:29:05Z"""
03_modules/lua/corelib/net.md,2,invalid_date_format,"Invalid ISO date: ""2025-10-09T10:29:05Z"""
03_modules/lua/corelib/config.md,2,invalid_date_format,"Invalid ISO date: ""2025-10-09T10:29:04Z"""
03_modules/lua/corelib/const.md,2,invalid_date_format,"Invalid ISO date: ""2025-10-09T10:29:04Z"""
03_modules/lua/corelib/json.md,2,invalid_date_format,"Invalid ISO date: ""2025-10-09T10:29:05Z"""
03_modules/lua/corelib/bitwise.md,2,invalid_date_format,"Invalid ISO date: ""2025-10-09T10:29:04Z"""
03_modules/lua/corelib/math.md,2,invalid_date_format,"Invalid ISO date: ""2025-10-09T10:29:05Z"""
03_modules/lua/corelib/struct.md,2,invalid_date_format,"Invalid ISO date: ""2025-10-09T10:29:05Z"""
03_modules/lua/corelib/orderedtable.md,2,invalid_date_format,"Invalid ISO date: ""2025-10-09T10:29:05Z"""
03_modules/lua/corelib/globals.md,2,invalid_date_format,"Invalid ISO date: ""2025-10-09T10:29:04Z"""
03_modules/lua/corelib/base64.md,2,invalid_date_format,"Invalid ISO date: ""2025-10-09T10:29:04Z"""
03_modules/lua/corelib/settings.md,2,invalid_date_format,"Invalid ISO date: ""2025-10-09T10:29:05Z"""
03_modules/lua/corelib/index.md,1,missing_frontmatter,No front-matter block found
03_modules/lua/corelib/keyboard.md,2,invalid_date_format,"Invalid ISO date: ""2025-10-09T10:29:05Z"""
03_modules/lua/client_profiles/profiles.md,2,invalid_date_format,"Invalid ISO date: ""2025-10-09T10:29:04Z"""
03_modules/lua/client_profiles/index.md,1,missing_frontmatter,No front-matter block found
03_modules/lua/game_inventory/inventory.md,2,invalid_date_format,"Invalid ISO date: ""2025-10-09T10:29:05Z"""
03_modules/lua/game_inventory/index.md,1,missing_frontmatter,No front-matter block found
03_modules/lua/game_unjustifiedpoints/index.md,1,missing_frontmatter,No front-matter block found
03_modules/lua/game_unjustifiedpoints/unjustifiedpoints.md,2,invalid_date_format,"Invalid ISO date: ""2025-10-09T10:29:06Z"""
03_modules/lua/game_console/console.md,2,invalid_date_format,"Invalid ISO date: ""2025-10-09T10:29:05Z"""
03_modules/lua/game_console/index.md,1,missing_frontmatter,No front-matter block found
03_modules/lua/game_bugreport/bugreport.md,2,invalid_date_format,"Invalid ISO date: ""2025-10-09T10:29:05Z"""
03_modules/lua/game_bugreport/index.md,1,missing_frontmatter,No front-matter block found
03_modules/lua/gamelib/player.md,2,invalid_date_format,"Invalid ISO date: ""2025-10-09T10:29:06Z"""
03_modules/lua/gamelib/market.md,2,invalid_date_format,"Invalid ISO date: ""2025-10-09T10:29:06Z"""
03_modules/lua/gamelib/spells.md,2,invalid_date_format,"Invalid ISO date: ""2025-10-09T10:29:06Z"""
03_modules/lua/gamelib/textmessages.md,2,invalid_date_format,"Invalid ISO date: ""2025-10-09T10:29:06Z"""
03_modules/lua/gamelib/util.md,2,invalid_date_format,"Invalid ISO date: ""2025-10-09T10:29:06Z"""
03_modules/lua/gamelib/thing.md,2,invalid_date_format,"Invalid ISO date: ""2025-10-09T10:29:06Z"""
03_modules/lua/gamelib/protocol.md,2,invalid_date_format,"Invalid ISO date: ""2025-10-09T10:29:06Z"""
03_modules/lua/gamelib/creature.md,2,invalid_date_format,"Invalid ISO date: ""2025-10-09T10:29:06Z"""
03_modules/lua/gamelib/const.md,2,invalid_date_format,"Invalid ISO date: ""2025-10-09T10:29:06Z"""
03_modules/lua/gamelib/game.md,2,invalid_date_format,"Invalid ISO date: ""2025-10-09T10:29:06Z"""
03_modules/lua/gamelib/protocollogin.md,2,invalid_date_format,"Invalid ISO date: ""2025-10-09T10:29:06Z"""
03_modules/lua/gamelib/position.md,2,invalid_date_format,"Invalid ISO date: ""2025-10-09T10:29:06Z"""
03_modules/lua/gamelib/protocolgame.md,2,invalid_date_format,"Invalid ISO date: ""2025-10-09T10:29:06Z"""
03_modules/lua/gamelib/index.md,1,missing_frontmatter,No front-matter block found
03_modules/lua/game_prey/prey.md,2,invalid_date_format,"Invalid ISO date: ""2025-10-09T10:29:06Z"""
03_modules/lua/game_prey/index.md,1,missing_frontmatter,No front-matter block found
03_modules/lua/game_playermount/playermount.md,2,invalid_date_format,"Invalid ISO date: ""2025-10-09T10:29:06Z"""
03_modules/lua/game_playermount/index.md,1,missing_frontmatter,No front-matter block found
03_modules/lua/client_entergame/characterlist.md,2,invalid_date_format,"Invalid ISO date: ""2025-10-09T10:29:04Z"""
03_modules/lua/client_entergame/entergame.md,2,invalid_date_format,"Invalid ISO date: ""2025-10-09T10:29:04Z"""
03_modules/lua/client_entergame/index.md,1,missing_frontmatter,No front-matter block found
03_modules/lua/game_market/market.md,2,invalid_date_format,"Invalid ISO date: ""2025-10-09T10:29:05Z"""
03_modules/lua/game_market/marketprotocol.md,2,invalid_date_format,"Invalid ISO date: ""2025-10-09T10:29:05Z"""
03_modules/lua/game_market/marketoffer.md,2,invalid_date_format,"Invalid ISO date: ""2025-10-09T10:29:05Z"""
03_modules/lua/game_market/offerstatistic.md,2,invalid_date_format,"Invalid ISO date: ""2025-10-09T10:29:05Z"""
03_modules/lua/game_market/index.md,1,missing_frontmatter,No front-matter block found
03_modules/lua/game_npctrade/npctrade.md,2,invalid_date_format,"Invalid ISO date: ""2025-10-09T10:29:05Z"""
03_modules/lua/game_npctrade/index.md,1,missing_frontmatter,No front-matter block found
03_modules/lua/game_topbar/topbar.md,2,invalid_date_format,"Invalid ISO date: ""2025-10-09T10:29:06Z"""
03_modules/lua/game_topbar/index.md,1,missing_frontmatter,No front-matter block found
03_modules/lua/client_terminal/terminal.md,2,invalid_date_format,"Invalid ISO date: ""2025-10-09T10:29:04Z"""
03_modules/lua/client_terminal/commands.md,2,invalid_date_format,"Invalid ISO date: ""2025-10-09T10:29:04Z"""
03_modules/lua/client_terminal/index.md,1,missing_frontmatter,No front-matter block found
03_modules/lua/game_walking/walking.md,2,invalid_date_format,"Invalid ISO date: ""2025-10-09T10:29:06Z"""
03_modules/lua/game_walking/index.md,1,missing_frontmatter,No front-matter block found
03_modules/lua/client_stats/stats.md,2,invalid_date_format,"Invalid ISO date: ""2025-10-09T10:29:04Z"""
03_modules/lua/client_stats/index.md,1,missing_frontmatter,No front-matter block found
03_modules/lua/client_textedit/textedit.md,2,invalid_date_format,"Invalid ISO date: ""2025-10-09T10:29:04Z"""
03_modules/lua/client_textedit/index.md,1,missing_frontmatter,No front-matter block found
03_modules/lua/game_stats/stats.md,2,invalid_date_format,"Invalid ISO date: ""2025-10-09T10:29:06Z"""
03_modules/lua/game_stats/index.md,1,missing_frontmatter,No front-matter block found
03_modules/lua/game_bot/bot.md,2,invalid_date_format,"Invalid ISO date: ""2025-10-09T10:29:05Z"""
03_modules/lua/game_bot/executor.md,2,invalid_date_format,"Invalid ISO date: ""2025-10-09T10:29:05Z"""
03_modules/lua/game_bot/index.md,1,missing_frontmatter,No front-matter block found
03_modules/lua/game_modaldialog/modaldialog.md,2,invalid_date_format,"Invalid ISO date: ""2025-10-09T10:29:05Z"""
03_modules/lua/game_modaldialog/index.md,1,missing_frontmatter,No front-matter block found
03_modules/lua/game_textmessage/textmessage.md,2,invalid_date_format,"Invalid ISO date: ""2025-10-09T10:29:06Z"""
03_modules/lua/game_textmessage/index.md,1,missing_frontmatter,No front-matter block found
03_modules/lua/game_healthbars/healthbars.md,2,invalid_date_format,"Invalid ISO date: ""2025-10-09T10:29:04Z"""
03_modules/lua/game_healthbars/index.md,1,missing_frontmatter,No front-matter block found
03_modules/lua/game_interface/widgets/uigamemap.md,2,invalid_date_format,"Invalid ISO date: ""2025-10-09T10:29:05Z"""
03_modules/lua/game_interface/widgets/index.md,1,missing_frontmatter,No front-matter block found
03_modules/lua/corelib/ui/uibutton.md,2,invalid_date_format,"Invalid ISO date: ""2025-10-09T10:29:05Z"""
03_modules/lua/corelib/ui/uiinputbox.md,2,invalid_date_format,"Invalid ISO date: ""2025-10-09T10:29:05Z"""
03_modules/lua/corelib/ui/uiimageview.md,2,invalid_date_format,"Invalid ISO date: ""2025-10-09T10:29:05Z"""
03_modules/lua/corelib/ui/uitextedit.md,2,invalid_date_format,"Invalid ISO date: ""2025-10-09T10:29:05Z"""
03_modules/lua/corelib/ui/uispinbox.md,2,invalid_date_format,"Invalid ISO date: ""2025-10-09T10:29:05Z"""
03_modules/lua/corelib/ui/uiminiwindowcontainer.md,2,invalid_date_format,"Invalid ISO date: ""2025-10-09T10:29:05Z"""
03_modules/lua/corelib/ui/uiscrollbar.md,2,invalid_date_format,"Invalid ISO date: ""2025-10-09T10:29:05Z"""
03_modules/lua/corelib/ui/uicheckbox.md,2,invalid_date_format,"Invalid ISO date: ""2025-10-09T10:29:05Z"""
03_modules/lua/corelib/ui/uitabbar.md,2,invalid_date_format,"Invalid ISO date: ""2025-10-09T10:29:05Z"""
03_modules/lua/corelib/ui/uilabel.md,2,invalid_date_format,"Invalid ISO date: ""2025-10-09T10:29:05Z"""
03_modules/lua/corelib/ui/uisplitter.md,2,invalid_date_format,"Invalid ISO date: ""2025-10-09T10:29:05Z"""
03_modules/lua/corelib/ui/uiscrollarea.md,2,invalid_date_format,"Invalid ISO date: ""2025-10-09T10:29:05Z"""
03_modules/lua/corelib/ui/effects.md,2,invalid_date_format,"Invalid ISO date: ""2025-10-09T10:29:05Z"""
03_modules/lua/corelib/ui/uimovabletabbar.md,2,invalid_date_format,"Invalid ISO date: ""2025-10-09T10:29:05Z"""
03_modules/lua/corelib/ui/uipopupscrollmenu.md,2,invalid_date_format,"Invalid ISO date: ""2025-10-09T10:29:05Z"""
03_modules/lua/corelib/ui/uimessagebox.md,2,invalid_date_format,"Invalid ISO date: ""2025-10-09T10:29:05Z"""
03_modules/lua/corelib/ui/uiminiwindow.md,2,invalid_date_format,"Invalid ISO date: ""2025-10-09T10:29:05Z"""
03_modules/lua/corelib/ui/index.md,1,missing_frontmatter,No front-matter block found
03_modules/lua/corelib/ui/uiresizeborder.md,2,invalid_date_format,"Invalid ISO date: ""2025-10-09T10:29:05Z"""
03_modules/lua/corelib/ui/uiwidget.md,2,invalid_date_format,"Invalid ISO date: ""2025-10-09T10:29:05Z"""
03_modules/lua/corelib/ui/tooltip.md,2,invalid_date_format,"Invalid ISO date: ""2025-10-09T10:29:05Z"""
03_modules/lua/corelib/ui/uiradiogroup.md,2,invalid_date_format,"Invalid ISO date: ""2025-10-09T10:29:05Z"""
03_modules/lua/corelib/ui/uipopupmenu.md,2,invalid_date_format,"Invalid ISO date: ""2025-10-09T10:29:05Z"""
03_modules/lua/corelib/ui/uitable.md,2,invalid_date_format,"Invalid ISO date: ""2025-10-09T10:29:05Z"""
03_modules/lua/corelib/ui/uiwindow.md,2,invalid_date_format,"Invalid ISO date: ""2025-10-09T10:29:05Z"""
03_modules/lua/corelib/ui/uiprogressbar.md,2,invalid_date_format,"Invalid ISO date: ""2025-10-09T10:29:05Z"""
03_modules/lua/corelib/ui/uicombobox.md,2,invalid_date_format,"Invalid ISO date: ""2025-10-09T10:29:05Z"""
03_modules/lua/gamelib/ui/uicreaturebutton.md,2,invalid_date_format,"Invalid ISO date: ""2025-10-09T10:29:06Z"""
03_modules/lua/gamelib/ui/uiitem.md,2,invalid_date_format,"Invalid ISO date: ""2025-10-09T10:29:06Z"""
03_modules/lua/gamelib/ui/uiminimap.md,2,invalid_date_format,"Invalid ISO date: ""2025-10-09T10:29:06Z"""
03_modules/lua/gamelib/ui/index.md,1,missing_frontmatter,No front-matter block found
03_modules/lua/game_bot/default_configs/index.md,1,missing_frontmatter,No front-matter block found
03_modules/lua/game_bot/functions/sound.md,2,invalid_date_format,"Invalid ISO date: ""2025-10-09T10:29:05Z"""
03_modules/lua/game_bot/functions/ui_legacy.md,2,invalid_date_format,"Invalid ISO date: ""2025-10-09T10:29:05Z"""
03_modules/lua/game_bot/functions/player.md,2,invalid_date_format,"Invalid ISO date: ""2025-10-09T10:29:05Z"""
03_modules/lua/game_bot/functions/script_loader.md,2,invalid_date_format,"Invalid ISO date: ""2025-10-09T10:29:05Z"""
03_modules/lua/game_bot/functions/map.md,2,invalid_date_format,"Invalid ISO date: ""2025-10-09T10:29:05Z"""
03_modules/lua/game_bot/functions/test.md,2,invalid_date_format,"Invalid ISO date: ""2025-10-09T10:29:05Z"""
03_modules/lua/game_bot/functions/ui.md,2,invalid_date_format,"Invalid ISO date: ""2025-10-09T10:29:05Z"""
03_modules/lua/game_bot/functions/ui_elements.md,2,invalid_date_format,"Invalid ISO date: ""2025-10-09T10:29:05Z"""
03_modules/lua/game_bot/functions/config.md,2,invalid_date_format,"Invalid ISO date: ""2025-10-09T10:29:05Z"""
03_modules/lua/game_bot/functions/const.md,2,invalid_date_format,"Invalid ISO date: ""2025-10-09T10:29:05Z"""
03_modules/lua/game_bot/functions/icon.md,2,invalid_date_format,"Invalid ISO date: ""2025-10-09T10:29:05Z"""
03_modules/lua/game_bot/functions/player_inventory.md,2,invalid_date_format,"Invalid ISO date: ""2025-10-09T10:29:05Z"""
03_modules/lua/game_bot/functions/callbacks.md,2,invalid_date_format,"Invalid ISO date: ""2025-10-09T10:29:05Z"""
03_modules/lua/game_bot/functions/npc.md,2,invalid_date_format,"Invalid ISO date: ""2025-10-09T10:29:05Z"""
03_modules/lua/game_bot/functions/main.md,2,invalid_date_format,"Invalid ISO date: ""2025-10-09T10:29:05Z"""
03_modules/lua/game_bot/functions/ui_windows.md,2,invalid_date_format,"Invalid ISO date: ""2025-10-09T10:29:05Z"""
03_modules/lua/game_bot/functions/server.md,2,invalid_date_format,"Invalid ISO date: ""2025-10-09T10:29:05Z"""
03_modules/lua/game_bot/functions/player_conditions.md,2,invalid_date_format,"Invalid ISO date: ""2025-10-09T10:29:05Z"""
03_modules/lua/game_bot/functions/index.md,1,missing_frontmatter,No front-matter block found
03_modules/lua/game_bot/functions/tools.md,2,invalid_date_format,"Invalid ISO date: ""2025-10-09T10:29:05Z"""
03_modules/lua/game_bot/panels/waypoints.md,2,invalid_date_format,"Invalid ISO date: ""2025-10-09T10:29:05Z"""
03_modules/lua/game_bot/panels/basic.md,2,invalid_date_format,"Invalid ISO date: ""2025-10-09T10:29:05Z"""
03_modules/lua/game_bot/panels/attacking.md,2,invalid_date_format,"Invalid ISO date: ""2025-10-09T10:29:05Z"""
03_modules/lua/game_bot/panels/healing.md,2,invalid_date_format,"Invalid ISO date: ""2025-10-09T10:29:05Z"""
03_modules/lua/game_bot/panels/looting.md,2,invalid_date_format,"Invalid ISO date: ""2025-10-09T10:29:05Z"""
03_modules/lua/game_bot/panels/war.md,2,invalid_date_format,"Invalid ISO date: ""2025-10-09T10:29:05Z"""
03_modules/lua/game_bot/panels/index.md,1,missing_frontmatter,No front-matter block found
03_modules/lua/game_bot/panels/tools.md,2,invalid_date_format,"Invalid ISO date: ""2025-10-09T10:29:05Z"""
03_modules/lua/game_bot/default_configs/vBot_4.7/index.md,1,missing_frontmatter,No front-matter block found
03_modules/lua/game_bot/default_configs/cavebot_1.3/cavebot.md,2,invalid_date_format,"Invalid ISO date: ""2025-10-09T10:29:05Z"""
03_modules/lua/game_bot/default_configs/cavebot_1.3/hp.md,2,invalid_date_format,"Invalid ISO date: ""2025-10-09T10:29:05Z"""
03_modules/lua/game_bot/default_configs/cavebot_1.3/main.md,2,invalid_date_format,"Invalid ISO date: ""2025-10-09T10:29:05Z"""
03_modules/lua/game_bot/default_configs/cavebot_1.3/index.md,1,missing_frontmatter,No front-matter block found
03_modules/lua/game_bot/default_configs/cavebot_1.3/mwall_timer.md,2,invalid_date_format,"Invalid ISO date: ""2025-10-09T10:29:05Z"""
03_modules/lua/game_bot/default_configs/cavebot_1.3/tools.md,2,invalid_date_format,"Invalid ISO date: ""2025-10-09T10:29:05Z"""
03_modules/lua/game_bot/default_configs/vBot_4.8/index.md,1,missing_frontmatter,No front-matter block found
03_modules/lua/game_bot/default_configs/vBot_4.7/cavebot/sell_all.md,2,invalid_date_format,"Invalid ISO date: ""2025-10-09T10:29:05Z"""
03_modules/lua/game_bot/default_configs/vBot_4.7/cavebot/cavebot.md,2,invalid_date_format,"Invalid ISO date: ""2025-10-09T10:29:05Z"""
03_modules/lua/game_bot/default_configs/vBot_4.7/cavebot/travel.md,2,invalid_date_format,"Invalid ISO date: ""2025-10-09T10:29:05Z"""
03_modules/lua/game_bot/default_configs/vBot_4.7/cavebot/actions.md,2,invalid_date_format,"Invalid ISO date: ""2025-10-09T10:29:05Z"""
03_modules/lua/game_bot/default_configs/vBot_4.7/cavebot/extension_template.md,2,invalid_date_format,"Invalid ISO date: ""2025-10-09T10:29:05Z"""
03_modules/lua/game_bot/default_configs/vBot_4.7/cavebot/supply_check.md,2,invalid_date_format,"Invalid ISO date: ""2025-10-09T10:29:05Z"""
03_modules/lua/game_bot/default_configs/vBot_4.7/cavebot/minimap.md,2,invalid_date_format,"Invalid ISO date: ""2025-10-09T10:29:05Z"""
03_modules/lua/game_bot/default_configs/vBot_4.7/cavebot/clear_tile.md,2,invalid_date_format,"Invalid ISO date: ""2025-10-09T10:29:05Z"""
03_modules/lua/game_bot/default_configs/vBot_4.7/cavebot/stand_lure.md,2,invalid_date_format,"Invalid ISO date: ""2025-10-09T10:29:05Z"""
03_modules/lua/game_bot/default_configs/vBot_4.7/cavebot/imbuing.md,2,invalid_date_format,"Invalid ISO date: ""2025-10-09T10:29:05Z"""
03_modules/lua/game_bot/default_configs/vBot_4.7/cavebot/withdraw.md,2,invalid_date_format,"Invalid ISO date: ""2025-10-09T10:29:05Z"""
03_modules/lua/game_bot/default_configs/vBot_4.7/cavebot/depositor.md,2,invalid_date_format,"Invalid ISO date: ""2025-10-09T10:29:05Z"""
03_modules/lua/game_bot/default_configs/vBot_4.7/cavebot/config.md,2,invalid_date_format,"Invalid ISO date: ""2025-10-09T10:29:05Z"""
03_modules/lua/game_bot/default_configs/vBot_4.7/cavebot/pos_check.md,2,invalid_date_format,"Invalid ISO date: ""2025-10-09T10:29:05Z"""
03_modules/lua/game_bot/default_configs/vBot_4.7/cavebot/walking.md,2,invalid_date_format,"Invalid ISO date: ""2025-10-09T10:29:05Z"""
03_modules/lua/game_bot/default_configs/vBot_4.7/cavebot/recorder.md,2,invalid_date_format,"Invalid ISO date: ""2025-10-09T10:29:05Z"""
03_modules/lua/game_bot/default_configs/vBot_4.7/cavebot/inbox_withdraw.md,2,invalid_date_format,"Invalid ISO date: ""2025-10-09T10:29:05Z"""
03_modules/lua/game_bot/default_configs/vBot_4.7/cavebot/bank.md,2,invalid_date_format,"Invalid ISO date: ""2025-10-09T10:29:05Z"""
03_modules/lua/game_bot/default_configs/vBot_4.7/cavebot/lure.md,2,invalid_date_format,"Invalid ISO date: ""2025-10-09T10:29:05Z"""
03_modules/lua/game_bot/default_configs/vBot_4.7/cavebot/doors.md,2,invalid_date_format,"Invalid ISO date: ""2025-10-09T10:29:05Z"""
03_modules/lua/game_bot/default_configs/vBot_4.7/cavebot/example_functions.md,2,invalid_date_format,"Invalid ISO date: ""2025-10-09T10:29:05Z"""
03_modules/lua/game_bot/default_configs/vBot_4.7/cavebot/d_withdraw.md,2,invalid_date_format,"Invalid ISO date: ""2025-10-09T10:29:05Z"""
03_modules/lua/game_bot/default_configs/vBot_4.7/cavebot/tasker.md,2,invalid_date_format,"Invalid ISO date: ""2025-10-09T10:29:05Z"""
03_modules/lua/game_bot/default_configs/vBot_4.7/cavebot/index.md,1,missing_frontmatter,No front-matter block found
03_modules/lua/game_bot/default_configs/vBot_4.7/cavebot/editor.md,2,invalid_date_format,"Invalid ISO date: ""2025-10-09T10:29:05Z"""
03_modules/lua/game_bot/default_configs/vBot_4.7/cavebot/buy_supplies.md,2,invalid_date_format,"Invalid ISO date: ""2025-10-09T10:29:05Z"""
03_modules/lua/game_bot/default_configs/vBot_4.7/vBot/HealBot.md,2,invalid_date_format,"Invalid ISO date: ""2025-10-09T10:29:05Z"""
03_modules/lua/game_bot/default_configs/vBot_4.7/vBot/cavebot.md,2,invalid_date_format,"Invalid ISO date: ""2025-10-09T10:29:05Z"""
03_modules/lua/game_bot/default_configs/vBot_4.7/vBot/xeno_menu.md,2,invalid_date_format,"Invalid ISO date: ""2025-10-09T10:29:05Z"""
03_modules/lua/game_bot/default_configs/vBot_4.7/vBot/playerlist.md,2,invalid_date_format,"Invalid ISO date: ""2025-10-09T10:29:05Z"""
03_modules/lua/game_bot/default_configs/vBot_4.7/vBot/Conditions.md,2,invalid_date_format,"Invalid ISO date: ""2025-10-09T10:29:05Z"""
03_modules/lua/game_bot/default_configs/vBot_4.7/vBot/new_healer.md,2,invalid_date_format,"Invalid ISO date: ""2025-10-09T10:29:05Z"""
03_modules/lua/game_bot/default_configs/vBot_4.7/vBot/alarms.md,2,invalid_date_format,"Invalid ISO date: ""2025-10-09T10:29:05Z"""
03_modules/lua/game_bot/default_configs/vBot_4.7/vBot/pushmax.md,2,invalid_date_format,"Invalid ISO date: ""2025-10-09T10:29:05Z"""
03_modules/lua/game_bot/default_configs/vBot_4.7/vBot/vlib.md,2,invalid_date_format,"Invalid ISO date: ""2025-10-09T10:29:05Z"""
03_modules/lua/game_bot/default_configs/vBot_4.7/vBot/equip.md,2,invalid_date_format,"Invalid ISO date: ""2025-10-09T10:29:05Z"""
03_modules/lua/game_bot/default_configs/vBot_4.7/vBot/items.md,2,invalid_date_format,"Invalid ISO date: ""2025-10-09T10:29:05Z"""
03_modules/lua/game_bot/default_configs/vBot_4.7/vBot/hold_target.md,2,invalid_date_format,"Invalid ISO date: ""2025-10-09T10:29:05Z"""
03_modules/lua/game_bot/default_configs/vBot_4.7/vBot/Sio.md,2,invalid_date_format,"Invalid ISO date: ""2025-10-09T10:29:05Z"""
03_modules/lua/game_bot/default_configs/vBot_4.7/vBot/new_cavebot_lib.md,2,invalid_date_format,"Invalid ISO date: ""2025-10-09T10:29:05Z"""
03_modules/lua/game_bot/default_configs/vBot_4.7/vBot/Containers.md,2,invalid_date_format,"Invalid ISO date: ""2025-10-09T10:29:05Z"""
03_modules/lua/game_bot/default_configs/vBot_4.7/vBot/depot_withdraw.md,2,invalid_date_format,"Invalid ISO date: ""2025-10-09T10:29:05Z"""
03_modules/lua/game_bot/default_configs/vBot_4.7/vBot/cavebot_control_panel.md,2,invalid_date_format,"Invalid ISO date: ""2025-10-09T10:29:05Z"""
03_modules/lua/game_bot/default_configs/vBot_4.7/vBot/Equipper.md,2,invalid_date_format,"Invalid ISO date: ""2025-10-09T10:29:05Z"""
03_modules/lua/game_bot/default_configs/vBot_4.7/vBot/quiver_manager.md,2,invalid_date_format,"Invalid ISO date: ""2025-10-09T10:29:05Z"""
03_modules/lua/game_bot/default_configs/vBot_4.7/vBot/quiver_label.md,2,invalid_date_format,"Invalid ISO date: ""2025-10-09T10:29:05Z"""
03_modules/lua/game_bot/default_configs/vBot_4.7/vBot/analyzer.md,2,invalid_date_format,"Invalid ISO date: ""2025-10-09T10:29:05Z"""
03_modules/lua/game_bot/default_configs/vBot_4.7/vBot/main.md,2,invalid_date_format,"Invalid ISO date: ""2025-10-09T10:29:05Z"""
03_modules/lua/game_bot/default_configs/vBot_4.7/vBot/antiRs.md,2,invalid_date_format,"Invalid ISO date: ""2025-10-09T10:29:05Z"""
03_modules/lua/game_bot/default_configs/vBot_4.7/vBot/AttackBot.md,2,invalid_date_format,"Invalid ISO date: ""2025-10-09T10:29:05Z"""
03_modules/lua/game_bot/default_configs/vBot_4.7/vBot/cast_food.md,2,invalid_date_format,"Invalid ISO date: ""2025-10-09T10:29:05Z"""
03_modules/lua/game_bot/default_configs/vBot_4.7/vBot/spy_level.md,2,invalid_date_format,"Invalid ISO date: ""2025-10-09T10:29:05Z"""
03_modules/lua/game_bot/default_configs/vBot_4.7/vBot/extras.md,2,invalid_date_format,"Invalid ISO date: ""2025-10-09T10:29:05Z"""
03_modules/lua/game_bot/default_configs/vBot_4.7/vBot/exeta.md,2,invalid_date_format,"Invalid ISO date: ""2025-10-09T10:29:05Z"""
03_modules/lua/game_bot/default_configs/vBot_4.7/vBot/configs.md,2,invalid_date_format,"Invalid ISO date: ""2025-10-09T10:29:05Z"""
03_modules/lua/game_bot/default_configs/vBot_4.7/vBot/supplies.md,2,invalid_date_format,"Invalid ISO date: ""2025-10-09T10:29:05Z"""
03_modules/lua/game_bot/default_configs/vBot_4.7/vBot/depositer_config.md,2,invalid_date_format,"Invalid ISO date: ""2025-10-09T10:29:05Z"""
03_modules/lua/game_bot/default_configs/vBot_4.7/vBot/eat_food.md,2,invalid_date_format,"Invalid ISO date: ""2025-10-09T10:29:05Z"""
03_modules/lua/game_bot/default_configs/vBot_4.7/vBot/ingame_editor.md,2,invalid_date_format,"Invalid ISO date: ""2025-10-09T10:29:05Z"""
03_modules/lua/game_bot/default_configs/vBot_4.7/vBot/index.md,1,missing_frontmatter,No front-matter block found
03_modules/lua/game_bot/default_configs/vBot_4.7/vBot/combo.md,2,invalid_date_format,"Invalid ISO date: ""2025-10-09T10:29:05Z"""
03_modules/lua/game_bot/default_configs/vBot_4.7/vBot/npc_talk.md,2,invalid_date_format,"Invalid ISO date: ""2025-10-09T10:29:05Z"""
03_modules/lua/game_bot/default_configs/vBot_4.7/vBot/Dropper.md,2,invalid_date_format,"Invalid ISO date: ""2025-10-09T10:29:05Z"""
03_modules/lua/game_bot/default_configs/vBot_4.7/vBot/BotServer.md,2,invalid_date_format,"Invalid ISO date: ""2025-10-09T10:29:05Z"""
03_modules/lua/game_bot/default_configs/vBot_4.7/vBot/tools.md,2,invalid_date_format,"Invalid ISO date: ""2025-10-09T10:29:05Z"""
03_modules/lua/game_bot/default_configs/vBot_4.7/targetbot/creature_editor.md,2,invalid_date_format,"Invalid ISO date: ""2025-10-09T10:29:05Z"""
03_modules/lua/game_bot/default_configs/vBot_4.7/targetbot/creature.md,2,invalid_date_format,"Invalid ISO date: ""2025-10-09T10:29:05Z"""
03_modules/lua/game_bot/default_configs/vBot_4.7/targetbot/walking.md,2,invalid_date_format,"Invalid ISO date: ""2025-10-09T10:29:05Z"""
03_modules/lua/game_bot/default_configs/vBot_4.7/targetbot/creature_attack.md,2,invalid_date_format,"Invalid ISO date: ""2025-10-09T10:29:05Z"""
03_modules/lua/game_bot/default_configs/vBot_4.7/targetbot/looting.md,2,invalid_date_format,"Invalid ISO date: ""2025-10-09T10:29:05Z"""
03_modules/lua/game_bot/default_configs/vBot_4.7/targetbot/creature_priority.md,2,invalid_date_format,"Invalid ISO date: ""2025-10-09T10:29:05Z"""
03_modules/lua/game_bot/default_configs/vBot_4.7/targetbot/target.md,2,invalid_date_format,"Invalid ISO date: ""2025-10-09T10:29:05Z"""
03_modules/lua/game_bot/default_configs/vBot_4.7/targetbot/index.md,1,missing_frontmatter,No front-matter block found
03_modules/lua/game_bot/default_configs/cavebot_1.3/cavebot/cavebot.md,2,invalid_date_format,"Invalid ISO date: ""2025-10-09T10:29:05Z"""
03_modules/lua/game_bot/default_configs/cavebot_1.3/cavebot/actions.md,2,invalid_date_format,"Invalid ISO date: ""2025-10-09T10:29:05Z"""
03_modules/lua/game_bot/default_configs/cavebot_1.3/cavebot/extension_template.md,2,invalid_date_format,"Invalid ISO date: ""2025-10-09T10:29:05Z"""
03_modules/lua/game_bot/default_configs/cavebot_1.3/cavebot/supply.md,2,invalid_date_format,"Invalid ISO date: ""2025-10-09T10:29:05Z"""
03_modules/lua/game_bot/default_configs/cavebot_1.3/cavebot/config.md,2,invalid_date_format,"Invalid ISO date: ""2025-10-09T10:29:05Z"""
03_modules/lua/game_bot/default_configs/cavebot_1.3/cavebot/walking.md,2,invalid_date_format,"Invalid ISO date: ""2025-10-09T10:29:05Z"""
03_modules/lua/game_bot/default_configs/cavebot_1.3/cavebot/recorder.md,2,invalid_date_format,"Invalid ISO date: ""2025-10-09T10:29:05Z"""
03_modules/lua/game_bot/default_configs/cavebot_1.3/cavebot/depositer.md,2,invalid_date_format,"Invalid ISO date: ""2025-10-09T10:29:05Z"""
03_modules/lua/game_bot/default_configs/cavebot_1.3/cavebot/example_functions.md,2,invalid_date_format,"Invalid ISO date: ""2025-10-09T10:29:05Z"""
03_modules/lua/game_bot/default_configs/cavebot_1.3/cavebot/index.md,1,missing_frontmatter,No front-matter block found
03_modules/lua/game_bot/default_configs/cavebot_1.3/cavebot/editor.md,2,invalid_date_format,"Invalid ISO date: ""2025-10-09T10:29:05Z"""
03_modules/lua/game_bot/default_configs/cavebot_1.3/targetbot/creature_editor.md,2,invalid_date_format,"Invalid ISO date: ""2025-10-09T10:29:05Z"""
03_modules/lua/game_bot/default_configs/cavebot_1.3/targetbot/creature.md,2,invalid_date_format,"Invalid ISO date: ""2025-10-09T10:29:05Z"""
03_modules/lua/game_bot/default_configs/cavebot_1.3/targetbot/walking.md,2,invalid_date_format,"Invalid ISO date: ""2025-10-09T10:29:05Z"""
03_modules/lua/game_bot/default_configs/cavebot_1.3/targetbot/creature_attack.md,2,invalid_date_format,"Invalid ISO date: ""2025-10-09T10:29:05Z"""
03_modules/lua/game_bot/default_configs/cavebot_1.3/targetbot/looting.md,2,invalid_date_format,"Invalid ISO date: ""2025-10-09T10:29:05Z"""
03_modules/lua/game_bot/default_configs/cavebot_1.3/targetbot/creature_priority.md,2,invalid_date_format,"Invalid ISO date: ""2025-10-09T10:29:05Z"""
03_modules/lua/game_bot/default_configs/cavebot_1.3/targetbot/target.md,2,invalid_date_format,"Invalid ISO date: ""2025-10-09T10:29:05Z"""
03_modules/lua/game_bot/default_configs/cavebot_1.3/targetbot/index.md,1,missing_frontmatter,No front-matter block found
03_modules/lua/game_bot/default_configs/vBot_4.8/cavebot/sell_all.md,2,invalid_date_format,"Invalid ISO date: ""2025-10-09T10:29:05Z"""
03_modules/lua/game_bot/default_configs/vBot_4.8/cavebot/cavebot.md,2,invalid_date_format,"Invalid ISO date: ""2025-10-09T10:29:05Z"""
03_modules/lua/game_bot/default_configs/vBot_4.8/cavebot/travel.md,2,invalid_date_format,"Invalid ISO date: ""2025-10-09T10:29:05Z"""
03_modules/lua/game_bot/default_configs/vBot_4.8/cavebot/actions.md,2,invalid_date_format,"Invalid ISO date: ""2025-10-09T10:29:05Z"""
03_modules/lua/game_bot/default_configs/vBot_4.8/cavebot/extension_template.md,2,invalid_date_format,"Invalid ISO date: ""2025-10-09T10:29:05Z"""
03_modules/lua/game_bot/default_configs/vBot_4.8/cavebot/supply_check.md,2,invalid_date_format,"Invalid ISO date: ""2025-10-09T10:29:05Z"""
03_modules/lua/game_bot/default_configs/vBot_4.8/cavebot/minimap.md,2,invalid_date_format,"Invalid ISO date: ""2025-10-09T10:29:05Z"""
03_modules/lua/game_bot/default_configs/vBot_4.8/cavebot/clear_tile.md,2,invalid_date_format,"Invalid ISO date: ""2025-10-09T10:29:05Z"""
03_modules/lua/game_bot/default_configs/vBot_4.8/cavebot/stand_lure.md,2,invalid_date_format,"Invalid ISO date: ""2025-10-09T10:29:05Z"""
03_modules/lua/game_bot/default_configs/vBot_4.8/cavebot/imbuing.md,2,invalid_date_format,"Invalid ISO date: ""2025-10-09T10:29:05Z"""
03_modules/lua/game_bot/default_configs/vBot_4.8/cavebot/withdraw.md,2,invalid_date_format,"Invalid ISO date: ""2025-10-09T10:29:05Z"""
03_modules/lua/game_bot/default_configs/vBot_4.8/cavebot/depositor.md,2,invalid_date_format,"Invalid ISO date: ""2025-10-09T10:29:05Z"""
03_modules/lua/game_bot/default_configs/vBot_4.8/cavebot/config.md,2,invalid_date_format,"Invalid ISO date: ""2025-10-09T10:29:05Z"""
03_modules/lua/game_bot/default_configs/vBot_4.8/cavebot/pos_check.md,2,invalid_date_format,"Invalid ISO date: ""2025-10-09T10:29:05Z"""
03_modules/lua/game_bot/default_configs/vBot_4.8/cavebot/walking.md,2,invalid_date_format,"Invalid ISO date: ""2025-10-09T10:29:05Z"""
03_modules/lua/game_bot/default_configs/vBot_4.8/cavebot/recorder.md,2,invalid_date_format,"Invalid ISO date: ""2025-10-09T10:29:05Z"""
03_modules/lua/game_bot/default_configs/vBot_4.8/cavebot/inbox_withdraw.md,2,invalid_date_format,"Invalid ISO date: ""2025-10-09T10:29:05Z"""
03_modules/lua/game_bot/default_configs/vBot_4.8/cavebot/bank.md,2,invalid_date_format,"Invalid ISO date: ""2025-10-09T10:29:05Z"""
03_modules/lua/game_bot/default_configs/vBot_4.8/cavebot/lure.md,2,invalid_date_format,"Invalid ISO date: ""2025-10-09T10:29:05Z"""
03_modules/lua/game_bot/default_configs/vBot_4.8/cavebot/doors.md,2,invalid_date_format,"Invalid ISO date: ""2025-10-09T10:29:05Z"""
03_modules/lua/game_bot/default_configs/vBot_4.8/cavebot/example_functions.md,2,invalid_date_format,"Invalid ISO date: ""2025-10-09T10:29:05Z"""
03_modules/lua/game_bot/default_configs/vBot_4.8/cavebot/d_withdraw.md,2,invalid_date_format,"Invalid ISO date: ""2025-10-09T10:29:05Z"""
03_modules/lua/game_bot/default_configs/vBot_4.8/cavebot/tasker.md,2,invalid_date_format,"Invalid ISO date: ""2025-10-09T10:29:05Z"""
03_modules/lua/game_bot/default_configs/vBot_4.8/cavebot/index.md,1,missing_frontmatter,No front-matter block found
03_modules/lua/game_bot/default_configs/vBot_4.8/cavebot/editor.md,2,invalid_date_format,"Invalid ISO date: ""2025-10-09T10:29:05Z"""
03_modules/lua/game_bot/default_configs/vBot_4.8/cavebot/buy_supplies.md,2,invalid_date_format,"Invalid ISO date: ""2025-10-09T10:29:05Z"""
03_modules/lua/game_bot/default_configs/vBot_4.8/vBot/HealBot.md,2,invalid_date_format,"Invalid ISO date: ""2025-10-09T10:29:05Z"""
03_modules/lua/game_bot/default_configs/vBot_4.8/vBot/cavebot.md,2,invalid_date_format,"Invalid ISO date: ""2025-10-09T10:29:05Z"""
03_modules/lua/game_bot/default_configs/vBot_4.8/vBot/xeno_menu.md,2,invalid_date_format,"Invalid ISO date: ""2025-10-09T10:29:05Z"""
03_modules/lua/game_bot/default_configs/vBot_4.8/vBot/playerlist.md,2,invalid_date_format,"Invalid ISO date: ""2025-10-09T10:29:05Z"""
03_modules/lua/game_bot/default_configs/vBot_4.8/vBot/Conditions.md,2,invalid_date_format,"Invalid ISO date: ""2025-10-09T10:29:05Z"""
03_modules/lua/game_bot/default_configs/vBot_4.8/vBot/new_healer.md,2,invalid_date_format,"Invalid ISO date: ""2025-10-09T10:29:05Z"""
03_modules/lua/game_bot/default_configs/vBot_4.8/vBot/alarms.md,2,invalid_date_format,"Invalid ISO date: ""2025-10-09T10:29:05Z"""
03_modules/lua/game_bot/default_configs/vBot_4.8/vBot/pushmax.md,2,invalid_date_format,"Invalid ISO date: ""2025-10-09T10:29:05Z"""
03_modules/lua/game_bot/default_configs/vBot_4.8/vBot/vlib.md,2,invalid_date_format,"Invalid ISO date: ""2025-10-09T10:29:05Z"""
03_modules/lua/game_bot/default_configs/vBot_4.8/vBot/equip.md,2,invalid_date_format,"Invalid ISO date: ""2025-10-09T10:29:05Z"""
03_modules/lua/game_bot/default_configs/vBot_4.8/vBot/items.md,2,invalid_date_format,"Invalid ISO date: ""2025-10-09T10:29:05Z"""
03_modules/lua/game_bot/default_configs/vBot_4.8/vBot/hold_target.md,2,invalid_date_format,"Invalid ISO date: ""2025-10-09T10:29:05Z"""
03_modules/lua/game_bot/default_configs/vBot_4.8/vBot/Sio.md,2,invalid_date_format,"Invalid ISO date: ""2025-10-09T10:29:05Z"""
03_modules/lua/game_bot/default_configs/vBot_4.8/vBot/new_cavebot_lib.md,2,invalid_date_format,"Invalid ISO date: ""2025-10-09T10:29:05Z"""
03_modules/lua/game_bot/default_configs/vBot_4.8/vBot/Containers.md,2,invalid_date_format,"Invalid ISO date: ""2025-10-09T10:29:05Z"""
03_modules/lua/game_bot/default_configs/vBot_4.8/vBot/depot_withdraw.md,2,invalid_date_format,"Invalid ISO date: ""2025-10-09T10:29:05Z"""
03_modules/lua/game_bot/default_configs/vBot_4.8/vBot/cavebot_control_panel.md,2,invalid_date_format,"Invalid ISO date: ""2025-10-09T10:29:05Z"""
03_modules/lua/game_bot/default_configs/vBot_4.8/vBot/Equipper.md,2,invalid_date_format,"Invalid ISO date: ""2025-10-09T10:29:05Z"""
03_modules/lua/game_bot/default_configs/vBot_4.8/vBot/quiver_manager.md,2,invalid_date_format,"Invalid ISO date: ""2025-10-09T10:29:05Z"""
03_modules/lua/game_bot/default_configs/vBot_4.8/vBot/quiver_label.md,2,invalid_date_format,"Invalid ISO date: ""2025-10-09T10:29:05Z"""
03_modules/lua/game_bot/default_configs/vBot_4.8/vBot/analyzer.md,2,invalid_date_format,"Invalid ISO date: ""2025-10-09T10:29:05Z"""
03_modules/lua/game_bot/default_configs/vBot_4.8/vBot/main.md,2,invalid_date_format,"Invalid ISO date: ""2025-10-09T10:29:05Z"""
03_modules/lua/game_bot/default_configs/vBot_4.8/vBot/antiRs.md,2,invalid_date_format,"Invalid ISO date: ""2025-10-09T10:29:05Z"""
03_modules/lua/game_bot/default_configs/vBot_4.8/vBot/AttackBot.md,2,invalid_date_format,"Invalid ISO date: ""2025-10-09T10:29:05Z"""
03_modules/lua/game_bot/default_configs/vBot_4.8/vBot/cast_food.md,2,invalid_date_format,"Invalid ISO date: ""2025-10-09T10:29:05Z"""
03_modules/lua/game_bot/default_configs/vBot_4.8/vBot/spy_level.md,2,invalid_date_format,"Invalid ISO date: ""2025-10-09T10:29:05Z"""
03_modules/lua/game_bot/default_configs/vBot_4.8/vBot/extras.md,2,invalid_date_format,"Invalid ISO date: ""2025-10-09T10:29:05Z"""
03_modules/lua/game_bot/default_configs/vBot_4.8/vBot/exeta.md,2,invalid_date_format,"Invalid ISO date: ""2025-10-09T10:29:05Z"""
03_modules/lua/game_bot/default_configs/vBot_4.8/vBot/configs.md,2,invalid_date_format,"Invalid ISO date: ""2025-10-09T10:29:05Z"""
03_modules/lua/game_bot/default_configs/vBot_4.8/vBot/supplies.md,2,invalid_date_format,"Invalid ISO date: ""2025-10-09T10:29:05Z"""
03_modules/lua/game_bot/default_configs/vBot_4.8/vBot/depositer_config.md,2,invalid_date_format,"Invalid ISO date: ""2025-10-09T10:29:05Z"""
03_modules/lua/game_bot/default_configs/vBot_4.8/vBot/eat_food.md,2,invalid_date_format,"Invalid ISO date: ""2025-10-09T10:29:05Z"""
03_modules/lua/game_bot/default_configs/vBot_4.8/vBot/ingame_editor.md,2,invalid_date_format,"Invalid ISO date: ""2025-10-09T10:29:05Z"""
03_modules/lua/game_bot/default_configs/vBot_4.8/vBot/index.md,1,missing_frontmatter,No front-matter block found
03_modules/lua/game_bot/default_configs/vBot_4.8/vBot/combo.md,2,invalid_date_format,"Invalid ISO date: ""2025-10-09T10:29:05Z"""
03_modules/lua/game_bot/default_configs/vBot_4.8/vBot/npc_talk.md,2,invalid_date_format,"Invalid ISO date: ""2025-10-09T10:29:05Z"""
03_modules/lua/game_bot/default_configs/vBot_4.8/vBot/Dropper.md,2,invalid_date_format,"Invalid ISO date: ""2025-10-09T10:29:05Z"""
03_modules/lua/game_bot/default_configs/vBot_4.8/vBot/BotServer.md,2,invalid_date_format,"Invalid ISO date: ""2025-10-09T10:29:05Z"""
03_modules/lua/game_bot/default_configs/vBot_4.8/vBot/tools.md,2,invalid_date_format,"Invalid ISO date: ""2025-10-09T10:29:05Z"""
03_modules/lua/game_bot/default_configs/vBot_4.8/targetbot/creature_editor.md,2,invalid_date_format,"Invalid ISO date: ""2025-10-09T10:29:05Z"""
03_modules/lua/game_bot/default_configs/vBot_4.8/targetbot/creature.md,2,invalid_date_format,"Invalid ISO date: ""2025-10-09T10:29:05Z"""
03_modules/lua/game_bot/default_configs/vBot_4.8/targetbot/walking.md,2,invalid_date_format,"Invalid ISO date: ""2025-10-09T10:29:05Z"""
03_modules/lua/game_bot/default_configs/vBot_4.8/targetbot/creature_attack.md,2,invalid_date_format,"Invalid ISO date: ""2025-10-09T10:29:05Z"""
03_modules/lua/game_bot/default_configs/vBot_4.8/targetbot/looting.md,2,invalid_date_format,"Invalid ISO date: ""2025-10-09T10:29:05Z"""
03_modules/lua/game_bot/default_configs/vBot_4.8/targetbot/creature_priority.md,2,invalid_date_format,"Invalid ISO date: ""2025-10-09T10:29:05Z"""
03_modules/lua/game_bot/default_configs/vBot_4.8/targetbot/target.md,2,invalid_date_format,"Invalid ISO date: ""2025-10-09T10:29:05Z"""
03_modules/lua/game_bot/default_configs/vBot_4.8/targetbot/index.md,1,missing_frontmatter,No front-matter block found
01_runtime/datasets/index.md,1,missing_frontmatter,No front-matter block found
01_runtime/diagrams/index.md,1,missing_frontmatter,No front-matter block found
05_network/datasets/index.md,1,missing_frontmatter,No front-matter block found
05_network/diagrams/index.md,1,missing_frontmatter,No front-matter block found
02_events/datasets/index.md,1,missing_frontmatter,No front-matter block found
02_events/diagrams/index.md,1,missing_frontmatter,No front-matter block found
08_audio/datasets/index.md,1,missing_frontmatter,No front-matter block found
08_audio/diagrams/index.md,1,missing_frontmatter,No front-matter block found
01_core/datasets/index.md,1,missing_frontmatter,No front-matter block found
01_core/api/index.md,1,missing_frontmatter,No front-matter block found
01_core/diagrams/index.md,1,missing_frontmatter,No front-matter block found
01_core/api/cpp/resource.md,2,invalid_date_format,"Invalid ISO date: ""2025-10-09T10:28:07Z"""
01_core/api/cpp/index.md,1,missing_frontmatter,No front-matter block found
01_core/api/cpp/framework/const.md,2,invalid_date_format,"Invalid ISO date: ""2025-10-09T10:28:07Z"""
01_core/api/cpp/framework/global.md,2,invalid_date_format,"Invalid ISO date: ""2025-10-09T10:28:07Z"""
01_core/api/cpp/framework/index.md,1,missing_frontmatter,No front-matter block found
01_core/api/cpp/framework/pch.md,2,invalid_date_format,"Invalid ISO date: ""2025-10-09T10:28:07Z"""
01_core/api/cpp/android/android_native_app_glue.md,2,invalid_date_format,"Invalid ISO date: ""2025-10-09T10:28:07Z"""
01_core/api/cpp/android/index.md,1,missing_frontmatter,No front-matter block found
01_core/api/cpp/android/pch.md,2,invalid_date_format,"Invalid ISO date: ""2025-10-09T10:28:07Z"""
01_core/api/cpp/client/player.md,2,invalid_date_format,"Invalid ISO date: ""2025-10-09T10:28:07Z"""
01_core/api/cpp/client/uicreature.md,2,invalid_date_format,"Invalid ISO date: ""2025-10-09T10:28:07Z"""
01_core/api/cpp/client/uimapanchorlayout.md,2,invalid_date_format,"Invalid ISO date: ""2025-10-09T10:28:07Z"""
01_core/api/cpp/client/missile.md,2,invalid_date_format,"Invalid ISO date: ""2025-10-09T10:28:07Z"""
01_core/api/cpp/client/uisprite.md,2,invalid_date_format,"Invalid ISO date: ""2025-10-09T10:28:07Z"""
01_core/api/cpp/client/item.md,2,invalid_date_format,"Invalid ISO date: ""2025-10-09T10:28:07Z"""
01_core/api/cpp/client/client.md,2,invalid_date_format,"Invalid ISO date: ""2025-10-09T10:28:07Z"""
01_core/api/cpp/client/thingtypemanager.md,2,invalid_date_format,"Invalid ISO date: ""2025-10-09T10:28:07Z"""
01_core/api/cpp/client/minimap.md,2,invalid_date_format,"Invalid ISO date: ""2025-10-09T10:28:07Z"""
01_core/api/cpp/client/thing.md,2,invalid_date_format,"Invalid ISO date: ""2025-10-09T10:28:07Z"""
01_core/api/cpp/client/creatures.md,2,invalid_date_format,"Invalid ISO date: ""2025-10-09T10:28:07Z"""
01_core/api/cpp/client/container.md,2,invalid_date_format,"Invalid ISO date: ""2025-10-09T10:28:07Z"""
01_core/api/cpp/client/houses.md,2,invalid_date_format,"Invalid ISO date: ""2025-10-09T10:28:07Z"""
01_core/api/cpp/client/creature.md,2,invalid_date_format,"Invalid ISO date: ""2025-10-09T10:28:07Z"""
01_core/api/cpp/client/uiprogressrect.md,2,invalid_date_format,"Invalid ISO date: ""2025-10-09T10:28:07Z"""
01_core/api/cpp/client/map.md,2,invalid_date_format,"Invalid ISO date: ""2025-10-09T10:28:07Z"""
01_core/api/cpp/client/animator.md,2,invalid_date_format,"Invalid ISO date: ""2025-10-09T10:28:07Z"""
01_core/api/cpp/client/itemtype.md,2,invalid_date_format,"Invalid ISO date: ""2025-10-09T10:28:07Z"""
01_core/api/cpp/client/const.md,2,invalid_date_format,"Invalid ISO date: ""2025-10-09T10:28:07Z"""
01_core/api/cpp/client/walkmatrix.md,2,invalid_date_format,"Invalid ISO date: ""2025-10-09T10:28:07Z"""
01_core/api/cpp/client/spritemanager.md,2,invalid_date_format,"Invalid ISO date: ""2025-10-09T10:28:07Z"""
01_core/api/cpp/client/uigraph.md,2,invalid_date_format,"Invalid ISO date: ""2025-10-09T10:28:07Z"""
01_core/api/cpp/client/declarations.md,2,invalid_date_format,"Invalid ISO date: ""2025-10-09T10:28:07Z"""
01_core/api/cpp/client/game.md,2,invalid_date_format,"Invalid ISO date: ""2025-10-09T10:28:07Z"""
01_core/api/cpp/client/global.md,2,invalid_date_format,"Invalid ISO date: ""2025-10-09T10:28:07Z"""
01_core/api/cpp/client/protocolcodes.md,2,invalid_date_format,"Invalid ISO date: ""2025-10-09T10:28:07Z"""
01_core/api/cpp/client/uiitem.md,2,invalid_date_format,"Invalid ISO date: ""2025-10-09T10:28:07Z"""
01_core/api/cpp/client/thingtype.md,2,invalid_date_format,"Invalid ISO date: ""2025-10-09T10:28:07Z"""
01_core/api/cpp/client/statictext.md,2,invalid_date_format,"Invalid ISO date: ""2025-10-09T10:28:07Z"""
01_core/api/cpp/client/towns.md,2,invalid_date_format,"Invalid ISO date: ""2025-10-09T10:28:07Z"""
01_core/api/cpp/client/tile.md,2,invalid_date_format,"Invalid ISO date: ""2025-10-09T10:28:07Z"""
01_core/api/cpp/client/effect.md,2,invalid_date_format,"Invalid ISO date: ""2025-10-09T10:28:07Z"""
01_core/api/cpp/client/lightview.md,2,invalid_date_format,"Invalid ISO date: ""2025-10-09T10:28:07Z"""
01_core/api/cpp/client/position.md,2,invalid_date_format,"Invalid ISO date: ""2025-10-09T10:28:07Z"""
01_core/api/cpp/client/uimap.md,2,invalid_date_format,"Invalid ISO date: ""2025-10-09T10:28:07Z"""
01_core/api/cpp/client/localplayer.md,2,invalid_date_format,"Invalid ISO date: ""2025-10-09T10:28:07Z"""
01_core/api/cpp/client/uiminimap.md,2,invalid_date_format,"Invalid ISO date: ""2025-10-09T10:28:07Z"""
01_core/api/cpp/client/animatedtext.md,2,invalid_date_format,"Invalid ISO date: ""2025-10-09T10:28:07Z"""
01_core/api/cpp/client/healthbars.md,2,invalid_date_format,"Invalid ISO date: ""2025-10-09T10:28:07Z"""
01_core/api/cpp/client/protocolgame.md,2,invalid_date_format,"Invalid ISO date: ""2025-10-09T10:28:07Z"""
01_core/api/cpp/client/index.md,1,missing_frontmatter,No front-matter block found
01_core/api/cpp/client/mapview.md,2,invalid_date_format,"Invalid ISO date: ""2025-10-09T10:28:07Z"""
01_core/api/cpp/client/thingstype.md,2,invalid_date_format,"Invalid ISO date: ""2025-10-09T10:28:07Z"""
01_core/api/cpp/client/outfit.md,2,invalid_date_format,"Invalid ISO date: ""2025-10-09T10:28:07Z"""
01_core/api/cpp/client/luavaluecasts_client.md,2,invalid_date_format,"Invalid ISO date: ""2025-10-09T10:28:07Z"""
01_core/api/cpp/framework/net/outputmessage.md,2,invalid_date_format,"Invalid ISO date: ""2025-10-09T10:28:07Z"""
01_core/api/cpp/framework/net/inputmessage.md,2,invalid_date_format,"Invalid ISO date: ""2025-10-09T10:28:07Z"""
01_core/api/cpp/framework/net/protocol.md,2,invalid_date_format,"Invalid ISO date: ""2025-10-09T10:28:07Z"""
01_core/api/cpp/framework/net/packet_recorder.md,2,invalid_date_format,"Invalid ISO date: ""2025-10-09T10:28:07Z"""
01_core/api/cpp/framework/net/declarations.md,2,invalid_date_format,"Invalid ISO date: ""2025-10-09T10:28:07Z"""
01_core/api/cpp/framework/net/server.md,2,invalid_date_format,"Invalid ISO date: ""2025-10-09T10:28:07Z"""
01_core/api/cpp/framework/net/connection.md,2,invalid_date_format,"Invalid ISO date: ""2025-10-09T10:28:07Z"""
01_core/api/cpp/framework/net/index.md,1,missing_frontmatter,No front-matter block found
01_core/api/cpp/framework/net/packet_player.md,2,invalid_date_format,"Invalid ISO date: ""2025-10-09T10:28:07Z"""
01_core/api/cpp/framework/xml/tinyxml.md,2,invalid_date_format,"Invalid ISO date: ""2025-10-09T10:28:07Z"""
01_core/api/cpp/framework/xml/tinystr.md,2,invalid_date_format,"Invalid ISO date: ""2025-10-09T10:28:07Z"""
01_core/api/cpp/framework/xml/index.md,1,missing_frontmatter,No front-matter block found
01_core/api/cpp/framework/core/inputevent.md,2,invalid_date_format,"Invalid ISO date: ""2025-10-09T10:28:07Z"""
01_core/api/cpp/framework/core/scheduledevent.md,2,invalid_date_format,"Invalid ISO date: ""2025-10-09T10:28:07Z"""
01_core/api/cpp/framework/core/binarytree.md,2,invalid_date_format,"Invalid ISO date: ""2025-10-09T10:28:07Z"""
01_core/api/cpp/framework/core/consoleapplication.md,2,invalid_date_format,"Invalid ISO date: ""2025-10-09T10:28:07Z"""
01_core/api/cpp/framework/core/eventdispatcher.md,2,invalid_date_format,"Invalid ISO date: ""2025-10-09T10:28:07Z"""
01_core/api/cpp/framework/core/config.md,2,invalid_date_format,"Invalid ISO date: ""2025-10-09T10:28:07Z"""
01_core/api/cpp/framework/core/event.md,2,invalid_date_format,"Invalid ISO date: ""2025-10-09T10:28:07Z"""
01_core/api/cpp/framework/core/configmanager.md,2,invalid_date_format,"Invalid ISO date: ""2025-10-09T10:28:07Z"""
01_core/api/cpp/framework/core/clock.md,2,invalid_date_format,"Invalid ISO date: ""2025-10-09T10:28:07Z"""
01_core/api/cpp/framework/core/logger.md,2,invalid_date_format,"Invalid ISO date: ""2025-10-09T10:28:07Z"""
01_core/api/cpp/framework/core/filestream.md,2,invalid_date_format,"Invalid ISO date: ""2025-10-09T10:28:07Z"""
01_core/api/cpp/framework/core/declarations.md,2,invalid_date_format,"Invalid ISO date: ""2025-10-09T10:28:07Z"""
01_core/api/cpp/framework/core/modulemanager.md,2,invalid_date_format,"Invalid ISO date: ""2025-10-09T10:28:07Z"""
01_core/api/cpp/framework/core/graphicalapplication.md,2,invalid_date_format,"Invalid ISO date: ""2025-10-09T10:28:07Z"""
01_core/api/cpp/framework/core/asyncdispatcher.md,2,invalid_date_format,"Invalid ISO date: ""2025-10-09T10:28:07Z"""
01_core/api/cpp/framework/core/resourcemanager.md,2,invalid_date_format,"Invalid ISO date: ""2025-10-09T10:28:07Z"""
01_core/api/cpp/framework/core/module.md,2,invalid_date_format,"Invalid ISO date: ""2025-10-09T10:28:07Z"""
01_core/api/cpp/framework/core/adaptiverenderer.md,2,invalid_date_format,"Invalid ISO date: ""2025-10-09T10:28:07Z"""
01_core/api/cpp/framework/core/index.md,1,missing_frontmatter,No front-matter block found
01_core/api/cpp/framework/core/timer.md,2,invalid_date_format,"Invalid ISO date: ""2025-10-09T10:28:07Z"""
01_core/api/cpp/framework/core/application.md,2,invalid_date_format,"Invalid ISO date: ""2025-10-09T10:28:07Z"""
01_core/api/cpp/framework/proxy/proxy_client.md,2,invalid_date_format,"Invalid ISO date: ""2025-10-09T10:28:07Z"""
01_core/api/cpp/framework/proxy/proxy.md,2,invalid_date_format,"Invalid ISO date: ""2025-10-09T10:28:07Z"""
01_core/api/cpp/framework/proxy/index.md,1,missing_frontmatter,No front-matter block found
01_core/api/cpp/framework/platform/platformwindow.md,2,invalid_date_format,"Invalid ISO date: ""2025-10-09T10:28:07Z"""
01_core/api/cpp/framework/platform/androidwindow.md,2,invalid_date_format,"Invalid ISO date: ""2025-10-09T10:28:07Z"""
01_core/api/cpp/framework/platform/platform.md,2,invalid_date_format,"Invalid ISO date: ""2025-10-09T10:28:07Z"""
01_core/api/cpp/framework/platform/x11window.md,2,invalid_date_format,"Invalid ISO date: ""2025-10-09T10:28:07Z"""
01_core/api/cpp/framework/platform/crashhandler.md,2,invalid_date_format,"Invalid ISO date: ""2025-10-09T10:28:07Z"""
01_core/api/cpp/framework/platform/win32window.md,2,invalid_date_format,"Invalid ISO date: ""2025-10-09T10:28:07Z"""
01_core/api/cpp/framework/platform/index.md,1,missing_frontmatter,No front-matter block found
01_core/api/cpp/framework/platform/sdlwindow.md,2,invalid_date_format,"Invalid ISO date: ""2025-10-09T10:28:07Z"""
01_core/api/cpp/framework/graphics/animatedtexture.md,2,invalid_date_format,"Invalid ISO date: ""2025-10-09T10:28:07Z"""
01_core/api/cpp/framework/graphics/paintershaderprogram.md,2,invalid_date_format,"Invalid ISO date: ""2025-10-09T10:28:07Z"""
01_core/api/cpp/framework/graphics/framebuffer.md,2,invalid_date_format,"Invalid ISO date: ""2025-10-09T10:28:07Z"""
01_core/api/cpp/framework/graphics/texture.md,2,invalid_date_format,"Invalid ISO date: ""2025-10-09T10:28:07Z"""
01_core/api/cpp/framework/graphics/drawcache.md,2,invalid_date_format,"Invalid ISO date: ""2025-10-09T10:28:07Z"""
01_core/api/cpp/framework/graphics/framebuffermanager.md,2,invalid_date_format,"Invalid ISO date: ""2025-10-09T10:28:07Z"""
01_core/api/cpp/framework/graphics/bitmapfont.md,2,invalid_date_format,"Invalid ISO date: ""2025-10-09T10:28:07Z"""
01_core/api/cpp/framework/graphics/painter.md,2,invalid_date_format,"Invalid ISO date: ""2025-10-09T10:28:07Z"""
01_core/api/cpp/framework/graphics/drawqueue.md,2,invalid_date_format,"Invalid ISO date: ""2025-10-09T10:28:07Z"""
01_core/api/cpp/framework/graphics/texturemanager.md,2,invalid_date_format,"Invalid ISO date: ""2025-10-09T10:28:07Z"""
01_core/api/cpp/framework/graphics/fontmanager.md,2,invalid_date_format,"Invalid ISO date: ""2025-10-09T10:28:07Z"""
01_core/api/cpp/framework/graphics/apngloader.md,2,invalid_date_format,"Invalid ISO date: ""2025-10-09T10:28:07Z"""
01_core/api/cpp/framework/graphics/graph.md,2,invalid_date_format,"Invalid ISO date: ""2025-10-09T10:28:07Z"""
01_core/api/cpp/framework/graphics/coordsbuffer.md,2,invalid_date_format,"Invalid ISO date: ""2025-10-09T10:28:07Z"""
01_core/api/cpp/framework/graphics/declarations.md,2,invalid_date_format,"Invalid ISO date: ""2025-10-09T10:28:07Z"""
01_core/api/cpp/framework/graphics/textrender.md,2,invalid_date_format,"Invalid ISO date: ""2025-10-09T10:28:07Z"""
01_core/api/cpp/framework/graphics/atlas.md,2,invalid_date_format,"Invalid ISO date: ""2025-10-09T10:28:07Z"""
01_core/api/cpp/framework/graphics/cachedtext.md,2,invalid_date_format,"Invalid ISO date: ""2025-10-09T10:28:07Z"""
01_core/api/cpp/framework/graphics/vertexarray.md,2,invalid_date_format,"Invalid ISO date: ""2025-10-09T10:28:07Z"""
01_core/api/cpp/framework/graphics/shadermanager.md,2,invalid_date_format,"Invalid ISO date: ""2025-10-09T10:28:07Z"""
01_core/api/cpp/framework/graphics/shaderprogram.md,2,invalid_date_format,"Invalid ISO date: ""2025-10-09T10:28:07Z"""
01_core/api/cpp/framework/graphics/colorarray.md,2,invalid_date_format,"Invalid ISO date: ""2025-10-09T10:28:07Z"""
01_core/api/cpp/framework/graphics/glutil.md,2,invalid_date_format,"Invalid ISO date: ""2025-10-09T10:28:07Z"""
01_core/api/cpp/framework/graphics/deptharray.md,2,invalid_date_format,"Invalid ISO date: ""2025-10-09T10:28:07Z"""
01_core/api/cpp/framework/graphics/hardwarebuffer.md,2,invalid_date_format,"Invalid ISO date: ""2025-10-09T10:28:07Z"""
01_core/api/cpp/framework/graphics/index.md,1,missing_frontmatter,No front-matter block found
01_core/api/cpp/framework/graphics/shader.md,2,invalid_date_format,"Invalid ISO date: ""2025-10-09T10:28:07Z"""
01_core/api/cpp/framework/graphics/image.md,2,invalid_date_format,"Invalid ISO date: ""2025-10-09T10:28:07Z"""
01_core/api/cpp/framework/graphics/graphics.md,2,invalid_date_format,"Invalid ISO date: ""2025-10-09T10:28:07Z"""
01_core/api/cpp/framework/util/color.md,2,invalid_date_format,"Invalid ISO date: ""2025-10-09T10:28:07Z"""
01_core/api/cpp/framework/util/qrcodegen.md,2,invalid_date_format,"Invalid ISO date: ""2025-10-09T10:28:07Z"""
01_core/api/cpp/framework/util/matrix.md,2,invalid_date_format,"Invalid ISO date: ""2025-10-09T10:28:07Z"""
01_core/api/cpp/framework/util/crypt.md,2,invalid_date_format,"Invalid ISO date: ""2025-10-09T10:28:07Z"""
01_core/api/cpp/framework/util/databuffer.md,2,invalid_date_format,"Invalid ISO date: ""2025-10-09T10:28:07Z"""
01_core/api/cpp/framework/util/size.md,2,invalid_date_format,"Invalid ISO date: ""2025-10-09T10:28:07Z"""
01_core/api/cpp/framework/util/pngunpacker.md,2,invalid_date_format,"Invalid ISO date: ""2025-10-09T10:28:07Z"""
01_core/api/cpp/framework/util/stats.md,2,invalid_date_format,"Invalid ISO date: ""2025-10-09T10:28:07Z"""
01_core/api/cpp/framework/util/rect.md,2,invalid_date_format,"Invalid ISO date: ""2025-10-09T10:28:07Z"""
01_core/api/cpp/framework/util/extras.md,2,invalid_date_format,"Invalid ISO date: ""2025-10-09T10:28:07Z"""
01_core/api/cpp/framework/util/point.md,2,invalid_date_format,"Invalid ISO date: ""2025-10-09T10:28:07Z"""
01_core/api/cpp/framework/util/index.md,1,missing_frontmatter,No front-matter block found
01_core/api/cpp/framework/util/framecounter.md,2,invalid_date_format,"Invalid ISO date: ""2025-10-09T10:28:07Z"""
01_core/api/cpp/framework/sound/soundbuffer.md,2,invalid_date_format,"Invalid ISO date: ""2025-10-09T10:28:07Z"""
01_core/api/cpp/framework/sound/soundfile.md,2,invalid_date_format,"Invalid ISO date: ""2025-10-09T10:28:07Z"""
01_core/api/cpp/framework/sound/soundchannel.md,2,invalid_date_format,"Invalid ISO date: ""2025-10-09T10:28:07Z"""
01_core/api/cpp/framework/sound/combinedsoundsource.md,2,invalid_date_format,"Invalid ISO date: ""2025-10-09T10:28:07Z"""
01_core/api/cpp/framework/sound/streamsoundsource.md,2,invalid_date_format,"Invalid ISO date: ""2025-10-09T10:28:07Z"""
01_core/api/cpp/framework/sound/declarations.md,2,invalid_date_format,"Invalid ISO date: ""2025-10-09T10:28:07Z"""
01_core/api/cpp/framework/sound/soundmanager.md,2,invalid_date_format,"Invalid ISO date: ""2025-10-09T10:28:07Z"""
01_core/api/cpp/framework/sound/oggsoundfile.md,2,invalid_date_format,"Invalid ISO date: ""2025-10-09T10:28:07Z"""
01_core/api/cpp/framework/sound/index.md,1,missing_frontmatter,No front-matter block found
01_core/api/cpp/framework/sound/soundsource.md,2,invalid_date_format,"Invalid ISO date: ""2025-10-09T10:28:07Z"""
01_core/api/cpp/framework/http/http.md,2,invalid_date_format,"Invalid ISO date: ""2025-10-09T10:28:07Z"""
01_core/api/cpp/framework/http/session.md,2,invalid_date_format,"Invalid ISO date: ""2025-10-09T10:28:07Z"""
01_core/api/cpp/framework/http/websocket.md,2,invalid_date_format,"Invalid ISO date: ""2025-10-09T10:28:07Z"""
01_core/api/cpp/framework/http/index.md,1,missing_frontmatter,No front-matter block found
01_core/api/cpp/framework/http/result.md,2,invalid_date_format,"Invalid ISO date: ""2025-10-09T10:28:07Z"""
01_core/api/cpp/framework/otml/otmlemitter.md,2,invalid_date_format,"Invalid ISO date: ""2025-10-09T10:28:07Z"""
01_core/api/cpp/framework/otml/otmlnode.md,2,invalid_date_format,"Invalid ISO date: ""2025-10-09T10:28:07Z"""
01_core/api/cpp/framework/otml/otmlparser.md,2,invalid_date_format,"Invalid ISO date: ""2025-10-09T10:28:07Z"""
01_core/api/cpp/framework/otml/declarations.md,2,invalid_date_format,"Invalid ISO date: ""2025-10-09T10:28:07Z"""
01_core/api/cpp/framework/otml/otmldocument.md,2,invalid_date_format,"Invalid ISO date: ""2025-10-09T10:28:07Z"""
01_core/api/cpp/framework/otml/otml.md,2,invalid_date_format,"Invalid ISO date: ""2025-10-09T10:28:07Z"""
01_core/api/cpp/framework/otml/otmlexception.md,2,invalid_date_format,"Invalid ISO date: ""2025-10-09T10:28:07Z"""
01_core/api/cpp/framework/otml/index.md,1,missing_frontmatter,No front-matter block found
01_core/api/cpp/framework/stdext/string.md,2,invalid_date_format,"Invalid ISO date: ""2025-10-09T10:28:07Z"""
01_core/api/cpp/framework/stdext/dumper.md,2,invalid_date_format,"Invalid ISO date: ""2025-10-09T10:28:07Z"""
01_core/api/cpp/framework/stdext/compiler.md,2,invalid_date_format,"Invalid ISO date: ""2025-10-09T10:28:07Z"""
01_core/api/cpp/framework/stdext/dynamic_storage.md,2,invalid_date_format,"Invalid ISO date: ""2025-10-09T10:28:07Z"""
01_core/api/cpp/framework/stdext/fastrand.md,2,invalid_date_format,"Invalid ISO date: ""2025-10-09T10:28:07Z"""
01_core/api/cpp/framework/stdext/demangle.md,2,invalid_date_format,"Invalid ISO date: ""2025-10-09T10:28:07Z"""
01_core/api/cpp/framework/stdext/time.md,2,invalid_date_format,"Invalid ISO date: ""2025-10-09T10:28:07Z"""
01_core/api/cpp/framework/stdext/net.md,2,invalid_date_format,"Invalid ISO date: ""2025-10-09T10:28:07Z"""
01_core/api/cpp/framework/stdext/types.md,2,invalid_date_format,"Invalid ISO date: ""2025-10-09T10:28:07Z"""
01_core/api/cpp/framework/stdext/cast.md,2,invalid_date_format,"Invalid ISO date: ""2025-10-09T10:28:07Z"""
01_core/api/cpp/framework/stdext/format.md,2,invalid_date_format,"Invalid ISO date: ""2025-10-09T10:28:07Z"""
01_core/api/cpp/framework/stdext/stdext.md,2,invalid_date_format,"Invalid ISO date: ""2025-10-09T10:28:07Z"""
01_core/api/cpp/framework/stdext/math.md,2,invalid_date_format,"Invalid ISO date: ""2025-10-09T10:28:07Z"""
01_core/api/cpp/framework/stdext/packed_any.md,2,invalid_date_format,"Invalid ISO date: ""2025-10-09T10:28:07Z"""
01_core/api/cpp/framework/stdext/packed_storage.md,2,invalid_date_format,"Invalid ISO date: ""2025-10-09T10:28:07Z"""
01_core/api/cpp/framework/stdext/thread.md,2,invalid_date_format,"Invalid ISO date: ""2025-10-09T10:28:07Z"""
01_core/api/cpp/framework/stdext/boolean.md,2,invalid_date_format,"Invalid ISO date: ""2025-10-09T10:28:07Z"""
01_core/api/cpp/framework/stdext/exception.md,2,invalid_date_format,"Invalid ISO date: ""2025-10-09T10:28:07Z"""
01_core/api/cpp/framework/stdext/any.md,2,invalid_date_format,"Invalid ISO date: ""2025-10-09T10:28:07Z"""
01_core/api/cpp/framework/stdext/index.md,1,missing_frontmatter,No front-matter block found
01_core/api/cpp/framework/stdext/traits.md,2,invalid_date_format,"Invalid ISO date: ""2025-10-09T10:28:07Z"""
01_core/api/cpp/framework/stdext/shared_object.md,2,invalid_date_format,"Invalid ISO date: ""2025-10-09T10:28:07Z"""
01_core/api/cpp/framework/stdext/uri.md,2,invalid_date_format,"Invalid ISO date: ""2025-10-09T10:28:07Z"""
01_core/api/cpp/framework/input/mouse.md,2,invalid_date_format,"Invalid ISO date: ""2025-10-09T10:28:07Z"""
01_core/api/cpp/framework/input/index.md,1,missing_frontmatter,No front-matter block found
01_core/api/cpp/framework/ui/uitextedit.md,2,invalid_date_format,"Invalid ISO date: ""2025-10-09T10:28:07Z"""
01_core/api/cpp/framework/ui/uianchorlayout.md,2,invalid_date_format,"Invalid ISO date: ""2025-10-09T10:28:07Z"""
01_core/api/cpp/framework/ui/uiboxlayout.md,2,invalid_date_format,"Invalid ISO date: ""2025-10-09T10:28:07Z"""
01_core/api/cpp/framework/ui/uiverticallayout.md,2,invalid_date_format,"Invalid ISO date: ""2025-10-09T10:28:07Z"""
01_core/api/cpp/framework/ui/uihorizontallayout.md,2,invalid_date_format,"Invalid ISO date: ""2025-10-09T10:28:07Z"""
01_core/api/cpp/framework/ui/uilayout.md,2,invalid_date_format,"Invalid ISO date: ""2025-10-09T10:28:07Z"""
01_core/api/cpp/framework/ui/ui.md,2,invalid_date_format,"Invalid ISO date: ""2025-10-09T10:28:07Z"""
01_core/api/cpp/framework/ui/uimanager.md,2,invalid_date_format,"Invalid ISO date: ""2025-10-09T10:28:07Z"""
01_core/api/cpp/framework/ui/declarations.md,2,invalid_date_format,"Invalid ISO date: ""2025-10-09T10:28:07Z"""
01_core/api/cpp/framework/ui/uitranslator.md,2,invalid_date_format,"Invalid ISO date: ""2025-10-09T10:28:07Z"""
01_core/api/cpp/framework/ui/index.md,1,missing_frontmatter,No front-matter block found
01_core/api/cpp/framework/ui/uiwidget.md,2,invalid_date_format,"Invalid ISO date: ""2025-10-09T10:28:07Z"""
01_core/api/cpp/framework/ui/uigridlayout.md,2,invalid_date_format,"Invalid ISO date: ""2025-10-09T10:28:07Z"""
01_core/api/cpp/framework/luaengine/luainterface.md,2,invalid_date_format,"Invalid ISO date: ""2025-10-09T10:28:07Z"""
01_core/api/cpp/framework/luaengine/luavaluecasts.md,2,invalid_date_format,"Invalid ISO date: ""2025-10-09T10:28:07Z"""
01_core/api/cpp/framework/luaengine/luabinder.md,2,invalid_date_format,"Invalid ISO date: ""2025-10-09T10:28:07Z"""
01_core/api/cpp/framework/luaengine/lbitlib.md,2,invalid_date_format,"Invalid ISO date: ""2025-10-09T10:28:07Z"""
01_core/api/cpp/framework/luaengine/declarations.md,2,invalid_date_format,"Invalid ISO date: ""2025-10-09T10:28:07Z"""
01_core/api/cpp/framework/luaengine/luaobject.md,2,invalid_date_format,"Invalid ISO date: ""2025-10-09T10:28:07Z"""
01_core/api/cpp/framework/luaengine/luaexception.md,2,invalid_date_format,"Invalid ISO date: ""2025-10-09T10:28:07Z"""
01_core/api/cpp/framework/luaengine/index.md,1,missing_frontmatter,No front-matter block found
01_core/api/cpp/framework/graphics/shaders/shaders.md,2,invalid_date_format,"Invalid ISO date: ""2025-10-09T10:28:07Z"""
01_core/api/cpp/framework/graphics/shaders/shadersources.md,2,invalid_date_format,"Invalid ISO date: ""2025-10-09T10:28:07Z"""
01_core/api/cpp/framework/graphics/shaders/outfits.md,2,invalid_date_format,"Invalid ISO date: ""2025-10-09T10:28:07Z"""
01_core/api/cpp/framework/graphics/shaders/index.md,1,missing_frontmatter,No front-matter block found
01_core/api/cpp/framework/graphics/shaders/newshader.md,2,invalid_date_format,"Invalid ISO date: ""2025-10-09T10:28:07Z"""
05_events/datasets/index.md,1,missing_frontmatter,No front-matter block found
05_events/diagrams/index.md,1,missing_frontmatter,No front-matter block found
07_settings_crypto/datasets/index.md,1,missing_frontmatter,No front-matter block found
07_settings_crypto/diagrams/index.md,1,missing_frontmatter,No front-matter block found
06_assets/datasets/index.md,1,missing_frontmatter,No front-matter block found
06_assets/diagrams/index.md,1,missing_frontmatter,No front-matter block found
10_game_runtime/datasets/index.md,1,missing_frontmatter,No front-matter block found
10_game_runtime/diagrams/index.md,1,missing_frontmatter,No front-matter block found
