file,status,link
README.md,BROKEN,analytics/summary.md
index_old.md,OK,./01_core/index.md
index_old.md,OK,./01_runtime/index.md
index_old.md,OK,./02_events/index.md
index_old.md,OK,./03_modules/index.md
index_old.md,OK,./04_ui/index.md
index_old.md,OK,./05_network/index.md
index_old.md,OK,./06_assets/index.md
index_old.md,OK,./07_settings_crypto/index.md
index_old.md,OK,./08_audio/index.md
index_old.md,OK,./09_logging/index.md
index_old.md,OK,./10_game_runtime/index.md
index_old.md,OK,./11_data/index.md
index_old.md,OK,./12_otmod/index.md
index_old.md,OK,./13_layouts/index.md
index_old.md,OK,./14_android/index.md
index_old.md,OK,./15_vc16/index.md
index_old.md,OK,./analytics/
index_old.md,OK,./qa/
index_old.md,OK,./relations/
index_old.md,OK,./datasets/
index.md,OK,analytics/coverage.csv
index.md,OK,datasets/api.csv
index.md,OK,datasets/events.csv
index.md,OK,datasets/modules.csv
index.md,OK,datasets/ui.csv
index.md,OK,datasets/locales.csv
index.md,OK,11_data/diagrams/assets_links.mmd
index.md,OK,12_otmod/diagrams/modules_deps.mmd
index.md,OK,13_layouts/diagrams/resolve_flow.mmd
index.md,OK,14_android/diagrams/build_pipeline.mmd
index.md,OK,analytics/coverage.csv
index.md,OK,analytics/gaps.md
index.md,OK,analytics/run_summary.json
index.md,OK,qa/qa_report.csv
index.md,OK,qa/qa_summary.md
index.md,OK,relations/relations.csv
index.md,BROKEN,._blueprints/otui/
index.md,BROKEN,._blueprints/otmod/
index.md,BROKEN,._blueprints/vbot/
index.md,OK,01_core/index.md
index.md,OK,01_runtime/index.md
index.md,OK,02_events/index.md
index.md,OK,03_modules/index.md
index.md,OK,12_otmod/index.md
index.md,OK,04_ui/index.md
index.md,OK,04_ui/index.md
index.md,OK,11_data/index.md
index.md,OK,13_layouts/index.md
index.md,OK,05_network/index.md
index.md,OK,10_game_runtime/index.md
index.md,OK,14_android/index.md
index.md,OK,15_vc16/index.md
11_data/README.md,OK,./index.md
11_data/README.md,OK,./datasets/
11_data/README.md,OK,./diagrams/
11_data/README.md,OK,./blueprints/
11_data/README.md,OK,./index.md
11_data/index.md,OK,../04_ui/index.md
11_data/index.md,OK,../06_assets/index.md
11_data/index.md,OK,../13_layouts/index.md
14_android/README.md,OK,./index.md
14_android/README.md,OK,./datasets/
14_android/README.md,OK,./diagrams/
14_android/README.md,OK,./blueprints/
14_android/README.md,OK,./index.md
14_android/abi_configuration.md,BROKEN,./build_pipeline.md
14_android/abi_configuration.md,OK,./apk_signing.md
14_android/abi_configuration.md,BROKEN,./asset_packaging.md
14_android/apk_signing.md,OK,./abi_configuration.md
14_android/apk_signing.md,BROKEN,./asset_packaging.md
14_android/apk_signing.md,BROKEN,./build_pipeline.md
14_android/index.md,OK,./abi_configuration.md
14_android/index.md,OK,./apk_signing.md
14_android/index.md,OK,../01_core/index.md
14_android/index.md,OK,../11_data/index.md
14_android/index.md,OK,../10_game_runtime/index.md
14_android/index.md,OK,../15_vc16/index.md
04_ui/README.md,OK,./index.md
04_ui/README.md,OK,./datasets/
04_ui/README.md,OK,./diagrams/
04_ui/README.md,OK,./blueprints/
04_ui/README.md,OK,./index.md
04_ui/index.md,OK,../11_data/index.md
04_ui/index.md,OK,../03_modules/index.md
04_ui/index.md,OK,../13_layouts/index.md
_sources/chapter_06_assets_docs_export_kit_authoring_agent_ready.md,BROKEN,./sections/00_assets_basics.md
_sources/chapter_06_assets_docs_export_kit_authoring_agent_ready.md,BROKEN,./sections/01_introduction.md
_sources/chapter_06_assets_docs_export_kit_authoring_agent_ready.md,BROKEN,./sections/02_asset_model.md
_sources/chapter_06_assets_docs_export_kit_authoring_agent_ready.md,BROKEN,./sections/03_collection_methods.md
_sources/chapter_06_assets_docs_export_kit_authoring_agent_ready.md,BROKEN,./sections/04_quality_and_limits.md
_sources/chapter_06_assets_docs_export_kit_authoring_agent_ready.md,BROKEN,./sections/05_how_to_read_stats.md
_sources/chapter_06_assets_docs_export_kit_authoring_agent_ready.md,BROKEN,./stats/stats.md
_sources/chapter_06_assets_docs_export_kit_authoring_agent_ready.md,BROKEN,./datasets/
_sources/chapter_06_assets_docs_export_kit_authoring_agent_ready.md,BROKEN,./analysis/findings.md
_sources/chapter_06_assets_docs_export_kit_authoring_agent_ready.md,BROKEN,./assets.schema.json
_sources/chapter_06_assets_docs_export_kit_authoring_agent_ready.md,BROKEN,./datasets/assets.dataset.jsonl
_sources/chapter_06_assets_docs_export_kit_authoring_agent_ready.md,BROKEN,./datasets/assets.dataset.csv
_sources/chapter_06_assets_docs_export_kit_authoring_agent_ready.md,BROKEN,./diagrams/assets_flow.mmd
_sources/chapter_02_events_docs_export_kit_authoring_agent_ready.md,BROKEN,./sections/00_otclient_events_basics.md
_sources/chapter_02_events_docs_export_kit_authoring_agent_ready.md,BROKEN,./sections/01_introduction.md
_sources/chapter_02_events_docs_export_kit_authoring_agent_ready.md,BROKEN,./sections/02_event_model.md
_sources/chapter_02_events_docs_export_kit_authoring_agent_ready.md,BROKEN,./sections/03_collection_methods.md
_sources/chapter_02_events_docs_export_kit_authoring_agent_ready.md,BROKEN,./sections/04_quality_and_limits.md
_sources/chapter_02_events_docs_export_kit_authoring_agent_ready.md,BROKEN,./sections/05_patterns_and_sequences.md
_sources/chapter_02_events_docs_export_kit_authoring_agent_ready.md,BROKEN,./sections/06_how_to_read_stats.md
_sources/chapter_02_events_docs_export_kit_authoring_agent_ready.md,BROKEN,./stats/stats.md
_sources/chapter_02_events_docs_export_kit_authoring_agent_ready.md,BROKEN,./datasets/
_sources/chapter_02_events_docs_export_kit_authoring_agent_ready.md,BROKEN,./analysis/findings.md
_sources/chapter_02_events_docs_export_kit_authoring_agent_ready.md,BROKEN,./events.schema.json
_sources/chapter_02_events_docs_export_kit_authoring_agent_ready.md,BROKEN,./datasets/events.dataset.jsonl
_sources/chapter_02_events_docs_export_kit_authoring_agent_ready.md,BROKEN,./datasets/events.dataset.csv
_sources/chapter_02_events_docs_export_kit_authoring_agent_ready.md,BROKEN,./diagrams/login_sequence.mmd
_sources/chapter_02_events_docs_export_kit_authoring_agent_ready.md,BROKEN,./diagrams/events_flow.mmd
_sources/chapter_04_ui_docs_export_kit_authoring_agent_ready.md,BROKEN,./sections/00_ui_basics.md
_sources/chapter_04_ui_docs_export_kit_authoring_agent_ready.md,BROKEN,./sections/01_introduction.md
_sources/chapter_04_ui_docs_export_kit_authoring_agent_ready.md,BROKEN,./sections/02_widget_model.md
_sources/chapter_04_ui_docs_export_kit_authoring_agent_ready.md,BROKEN,./sections/03_collection_methods.md
_sources/chapter_04_ui_docs_export_kit_authoring_agent_ready.md,BROKEN,./sections/04_quality_and_limits.md
_sources/chapter_04_ui_docs_export_kit_authoring_agent_ready.md,BROKEN,./sections/05_how_to_read_stats.md
_sources/chapter_04_ui_docs_export_kit_authoring_agent_ready.md,BROKEN,./stats/stats.md
_sources/chapter_04_ui_docs_export_kit_authoring_agent_ready.md,BROKEN,./datasets/
_sources/chapter_04_ui_docs_export_kit_authoring_agent_ready.md,BROKEN,./analysis/findings.md
_sources/chapter_04_ui_docs_export_kit_authoring_agent_ready.md,BROKEN,./widget.schema.json
_sources/chapter_04_ui_docs_export_kit_authoring_agent_ready.md,BROKEN,./widget_tree.schema.json
_sources/chapter_04_ui_docs_export_kit_authoring_agent_ready.md,BROKEN,./datasets/widgets.dataset.jsonl
_sources/chapter_04_ui_docs_export_kit_authoring_agent_ready.md,BROKEN,./datasets/widgets.dataset.csv
_sources/chapter_04_ui_docs_export_kit_authoring_agent_ready.md,BROKEN,./diagrams/ui_flow.mmd
_sources/chapter_12_otmod_docs_export_kit_authoring_agent_ready.md,BROKEN,[%w_%./%-]+
_sources/chapter_10_game_runtime_docs_export_kit_authoring_agent_ready.md,BROKEN,./sections/00_game_runtime_basics.md
_sources/chapter_10_game_runtime_docs_export_kit_authoring_agent_ready.md,BROKEN,./sections/01_introduction.md
_sources/chapter_10_game_runtime_docs_export_kit_authoring_agent_ready.md,BROKEN,./sections/02_game_runtime_model.md
_sources/chapter_10_game_runtime_docs_export_kit_authoring_agent_ready.md,BROKEN,./sections/03_collection_methods.md
_sources/chapter_10_game_runtime_docs_export_kit_authoring_agent_ready.md,BROKEN,./sections/04_quality_and_limits.md
_sources/chapter_10_game_runtime_docs_export_kit_authoring_agent_ready.md,BROKEN,./sections/05_how_to_read_stats.md
_sources/chapter_10_game_runtime_docs_export_kit_authoring_agent_ready.md,BROKEN,./stats/stats.md
_sources/chapter_10_game_runtime_docs_export_kit_authoring_agent_ready.md,BROKEN,./datasets/
_sources/chapter_10_game_runtime_docs_export_kit_authoring_agent_ready.md,BROKEN,./analysis/findings.md
_sources/chapter_10_game_runtime_docs_export_kit_authoring_agent_ready.md,BROKEN,./game_runtime.schema.json
_sources/chapter_10_game_runtime_docs_export_kit_authoring_agent_ready.md,BROKEN,./datasets/game_runtime.dataset.jsonl
_sources/chapter_10_game_runtime_docs_export_kit_authoring_agent_ready.md,BROKEN,./datasets/game_runtime.dataset.csv
_sources/chapter_10_game_runtime_docs_export_kit_authoring_agent_ready.md,BROKEN,./diagrams/game_runtime_flow.mmd
_sources/chapter_10_game_runtime_docs_export_kit_authoring_agent_ready.md,BROKEN,obj
_sources/chapter_05_network_docs_export_kit_authoring_agent_ready.md,BROKEN,obj
_sources/chapter_07_settings_crypto_docs_export_kit_authoring_agent_ready.md,BROKEN,./sections/00_settings_basics.md
_sources/chapter_07_settings_crypto_docs_export_kit_authoring_agent_ready.md,BROKEN,./sections/01_crypto_protocol_basics.md
_sources/chapter_07_settings_crypto_docs_export_kit_authoring_agent_ready.md,BROKEN,./sections/02_models.md
_sources/chapter_07_settings_crypto_docs_export_kit_authoring_agent_ready.md,BROKEN,./sections/03_collection_methods.md
_sources/chapter_07_settings_crypto_docs_export_kit_authoring_agent_ready.md,BROKEN,./sections/04_quality_and_limits.md
_sources/chapter_07_settings_crypto_docs_export_kit_authoring_agent_ready.md,BROKEN,./sections/05_how_to_read_stats.md
_sources/chapter_07_settings_crypto_docs_export_kit_authoring_agent_ready.md,BROKEN,./stats/stats.md
_sources/chapter_07_settings_crypto_docs_export_kit_authoring_agent_ready.md,BROKEN,./datasets/
_sources/chapter_07_settings_crypto_docs_export_kit_authoring_agent_ready.md,BROKEN,./analysis/findings.md
_sources/chapter_07_settings_crypto_docs_export_kit_authoring_agent_ready.md,BROKEN,./settings.schema.json
_sources/chapter_07_settings_crypto_docs_export_kit_authoring_agent_ready.md,BROKEN,./crypto.schema.json
_sources/chapter_07_settings_crypto_docs_export_kit_authoring_agent_ready.md,BROKEN,./datasets/settings.dataset.jsonl
_sources/chapter_07_settings_crypto_docs_export_kit_authoring_agent_ready.md,BROKEN,./datasets/settings.dataset.csv
_sources/chapter_07_settings_crypto_docs_export_kit_authoring_agent_ready.md,BROKEN,./datasets/crypto.dataset.jsonl
_sources/chapter_07_settings_crypto_docs_export_kit_authoring_agent_ready.md,BROKEN,./datasets/crypto.dataset.csv
_sources/chapter_07_settings_crypto_docs_export_kit_authoring_agent_ready.md,BROKEN,./diagrams/settings_crypto_flow.mmd
_sources/chapter_08_audio_docs_export_kit_authoring_agent_ready.md,BROKEN,./sections/00_audio_basics.md
_sources/chapter_08_audio_docs_export_kit_authoring_agent_ready.md,BROKEN,./sections/01_introduction.md
_sources/chapter_08_audio_docs_export_kit_authoring_agent_ready.md,BROKEN,./sections/02_audio_model.md
_sources/chapter_08_audio_docs_export_kit_authoring_agent_ready.md,BROKEN,./sections/03_collection_methods.md
_sources/chapter_08_audio_docs_export_kit_authoring_agent_ready.md,BROKEN,./sections/04_quality_and_limits.md
_sources/chapter_08_audio_docs_export_kit_authoring_agent_ready.md,BROKEN,./sections/05_how_to_read_stats.md
_sources/chapter_08_audio_docs_export_kit_authoring_agent_ready.md,BROKEN,./stats/stats.md
_sources/chapter_08_audio_docs_export_kit_authoring_agent_ready.md,BROKEN,./datasets/
_sources/chapter_08_audio_docs_export_kit_authoring_agent_ready.md,BROKEN,./analysis/findings.md
_sources/chapter_08_audio_docs_export_kit_authoring_agent_ready.md,BROKEN,./audio.schema.json
_sources/chapter_08_audio_docs_export_kit_authoring_agent_ready.md,BROKEN,./datasets/audio.dataset.jsonl
_sources/chapter_08_audio_docs_export_kit_authoring_agent_ready.md,BROKEN,./datasets/audio.dataset.csv
_sources/chapter_08_audio_docs_export_kit_authoring_agent_ready.md,BROKEN,./diagrams/audio_flow.mmd
_sources/chapter_08_audio_docs_export_kit_authoring_agent_ready.md,BROKEN,obj
_sources/chapter_01_specyfikacja_implementacji_studio_react_electron_dla_skryptow_otclient_v_8_v_bot.md,BROKEN,./sections/00_otclient_basics.md
_sources/chapter_01_specyfikacja_implementacji_studio_react_electron_dla_skryptow_otclient_v_8_v_bot.md,BROKEN,./sections/01_introduction.md
_sources/chapter_01_specyfikacja_implementacji_studio_react_electron_dla_skryptow_otclient_v_8_v_bot.md,BROKEN,./sections/02_runtime_model.md
_sources/chapter_01_specyfikacja_implementacji_studio_react_electron_dla_skryptow_otclient_v_8_v_bot.md,BROKEN,./sections/03_collection_methods.md
_sources/chapter_01_specyfikacja_implementacji_studio_react_electron_dla_skryptow_otclient_v_8_v_bot.md,BROKEN,./sections/04_quality_and_limits.md
_sources/chapter_01_specyfikacja_implementacji_studio_react_electron_dla_skryptow_otclient_v_8_v_bot.md,BROKEN,./sections/05_how_to_read_stats.md
_sources/chapter_01_specyfikacja_implementacji_studio_react_electron_dla_skryptow_otclient_v_8_v_bot.md,BROKEN,./stats/stats.md
_sources/chapter_01_specyfikacja_implementacji_studio_react_electron_dla_skryptow_otclient_v_8_v_bot.md,BROKEN,./datasets/
_sources/chapter_01_specyfikacja_implementacji_studio_react_electron_dla_skryptow_otclient_v_8_v_bot.md,BROKEN,./analysis/findings.md
_sources/chapter_01_specyfikacja_implementacji_studio_react_electron_dla_skryptow_otclient_v_8_v_bot.md,BROKEN,./runtime.schema.json
_sources/chapter_01_specyfikacja_implementacji_studio_react_electron_dla_skryptow_otclient_v_8_v_bot.md,BROKEN,./datasets/runtime.dataset.jsonl
_sources/chapter_01_specyfikacja_implementacji_studio_react_electron_dla_skryptow_otclient_v_8_v_bot.md,BROKEN,./datasets/runtime.dataset.csv
_sources/chapter_01_specyfikacja_implementacji_studio_react_electron_dla_skryptow_otclient_v_8_v_bot.md,BROKEN,./diagrams/runtime_stack.mmd
_sources/chapter_09_logging_docs_export_kit_authoring_agent_ready.md,BROKEN,./sections/00_logging_basics.md
_sources/chapter_09_logging_docs_export_kit_authoring_agent_ready.md,BROKEN,./sections/01_introduction.md
_sources/chapter_09_logging_docs_export_kit_authoring_agent_ready.md,BROKEN,./sections/02_log_model.md
_sources/chapter_09_logging_docs_export_kit_authoring_agent_ready.md,BROKEN,./sections/03_collection_methods.md
_sources/chapter_09_logging_docs_export_kit_authoring_agent_ready.md,BROKEN,./sections/04_quality_and_limits.md
_sources/chapter_09_logging_docs_export_kit_authoring_agent_ready.md,BROKEN,./sections/05_how_to_read_stats.md
_sources/chapter_09_logging_docs_export_kit_authoring_agent_ready.md,BROKEN,./stats/stats.md
_sources/chapter_09_logging_docs_export_kit_authoring_agent_ready.md,BROKEN,./datasets/
_sources/chapter_09_logging_docs_export_kit_authoring_agent_ready.md,BROKEN,./analysis/findings.md
_sources/chapter_09_logging_docs_export_kit_authoring_agent_ready.md,BROKEN,./logs.schema.json
_sources/chapter_09_logging_docs_export_kit_authoring_agent_ready.md,BROKEN,./datasets/logs.dataset.jsonl
_sources/chapter_09_logging_docs_export_kit_authoring_agent_ready.md,BROKEN,./datasets/logs.dataset.csv
_sources/chapter_09_logging_docs_export_kit_authoring_agent_ready.md,BROKEN,./diagrams/logging_flow.mmd
_sources/chapter_09_logging_docs_export_kit_authoring_agent_ready.md,BROKEN,./diagrams/error_timeline.mmd
_sources/chapter_03_modules_docs_export_kit_authoring_agent_ready.md,BROKEN,./sections/00_otclient_modules_basics.md
_sources/chapter_03_modules_docs_export_kit_authoring_agent_ready.md,BROKEN,./sections/01_introduction.md
_sources/chapter_03_modules_docs_export_kit_authoring_agent_ready.md,BROKEN,./sections/02_module_model.md
_sources/chapter_03_modules_docs_export_kit_authoring_agent_ready.md,BROKEN,./sections/03_collection_methods.md
_sources/chapter_03_modules_docs_export_kit_authoring_agent_ready.md,BROKEN,./sections/04_quality_and_limits.md
_sources/chapter_03_modules_docs_export_kit_authoring_agent_ready.md,BROKEN,./sections/05_how_to_read_stats.md
_sources/chapter_03_modules_docs_export_kit_authoring_agent_ready.md,BROKEN,./stats/stats.md
_sources/chapter_03_modules_docs_export_kit_authoring_agent_ready.md,BROKEN,./datasets/
_sources/chapter_03_modules_docs_export_kit_authoring_agent_ready.md,BROKEN,./analysis/findings.md
_sources/chapter_03_modules_docs_export_kit_authoring_agent_ready.md,BROKEN,./modules.schema.json
_sources/chapter_03_modules_docs_export_kit_authoring_agent_ready.md,BROKEN,./datasets/modules.dataset.jsonl
_sources/chapter_03_modules_docs_export_kit_authoring_agent_ready.md,BROKEN,./datasets/modules.dataset.csv
_sources/chapter_03_modules_docs_export_kit_authoring_agent_ready.md,BROKEN,./diagrams/modules_flow.mmd
_sources/chapter_03_modules_docs_export_kit_authoring_agent_ready.md,BROKEN,./diagrams/modules_relations.mmd
qa/index.md,OK,qa_summary.md
09_logging/README.md,OK,./index.md
09_logging/README.md,OK,./datasets/
09_logging/README.md,OK,./diagrams/
09_logging/README.md,OK,./blueprints/
09_logging/README.md,OK,./index.md
09_logging/index.md,OK,../01_core/index.md
09_logging/index.md,OK,../01_runtime/index.md
03_modules/README.md,OK,./index.md
03_modules/README.md,OK,./datasets/
03_modules/README.md,OK,./diagrams/
03_modules/README.md,OK,./blueprints/
03_modules/README.md,OK,./index.md
03_modules/index.md,OK,../01_core/index.md
03_modules/index.md,OK,../04_ui/index.md
03_modules/index.md,OK,../12_otmod/index.md
analytics/index.md,OK,run_summary.json
analytics/index.md,OK,coverage.csv
analytics/index.md,OK,gaps.md
01_runtime/README.md,OK,./index.md
01_runtime/README.md,OK,./datasets/
01_runtime/README.md,OK,./diagrams/
01_runtime/README.md,BROKEN,./blueprints/
01_runtime/README.md,OK,./index.md
01_runtime/index.md,OK,../01_core/index.md
01_runtime/index.md,OK,../02_events/index.md
01_runtime/index.md,OK,../10_game_runtime/index.md
01_runtime/index.md,OK,../03_modules/index.md
01_runtime/index.md,OK,../05_network/index.md
05_network/README.md,OK,./index.md
05_network/README.md,OK,./datasets/
05_network/README.md,OK,./diagrams/
05_network/README.md,OK,./blueprints/
05_network/README.md,OK,./index.md
05_network/extended_opcodes.md,OK,./protocol_versions.md
05_network/extended_opcodes.md,OK,./packet_structure.md
05_network/extended_opcodes.md,OK,./appendix_tfs_extendedopcode.md
05_network/extended_opcodes.md,BROKEN,../03_modules/bot_integration.md
05_network/appendix_tfs_extendedopcode.md,OK,./index.md
05_network/appendix_tfs_extendedopcode.md,OK,../01_core/index.md
05_network/appendix_tfs_extendedopcode.md,OK,../10_game_runtime/index.md
05_network/appendix_tfs_extendedopcode.md,OK,../03_modules/index.md
05_network/appendix_tfs_extendedopcode.md,OK,./README.md
05_network/packet_structure.md,OK,./protocol_versions.md
05_network/packet_structure.md,OK,./extended_opcodes.md
05_network/packet_structure.md,BROKEN,../01_core/network.md
05_network/packet_structure.md,OK,./appendix_tfs_extendedopcode.md
05_network/index.md,OK,./protocol_versions.md
05_network/index.md,OK,./packet_structure.md
05_network/index.md,OK,./extended_opcodes.md
05_network/index.md,OK,../01_core/index.md
05_network/index.md,OK,../02_events/index.md
05_network/index.md,OK,../10_game_runtime/index.md
05_network/index.md,OK,../03_modules/index.md
05_network/protocol_versions.md,OK,./packet_structure.md
05_network/protocol_versions.md,OK,./extended_opcodes.md
05_network/protocol_versions.md,OK,./appendix_tfs_extendedopcode.md
05_network/protocol_versions.md,OK,./index.md
02_events/README.md,OK,./index.md
02_events/README.md,OK,./datasets/
02_events/README.md,OK,./diagrams/
02_events/README.md,OK,./blueprints/
02_events/README.md,OK,./index.md
02_events/index.md,OK,../01_core/index.md
02_events/index.md,OK,../01_runtime/index.md
02_events/index.md,OK,../03_modules/index.md
02_events/index.md,OK,../04_ui/index.md
02_events/index.md,OK,../05_network/index.md
02_events/index.md,OK,../10_game_runtime/index.md
08_audio/README.md,OK,./index.md
08_audio/README.md,OK,./datasets/
08_audio/README.md,OK,./diagrams/
08_audio/README.md,OK,./blueprints/
08_audio/README.md,OK,./index.md
08_audio/index.md,OK,../01_core/index.md
08_audio/index.md,OK,../11_data/index.md
01_core/README.md,OK,./index.md
01_core/README.md,OK,./datasets/
01_core/README.md,OK,./diagrams/
01_core/README.md,OK,./blueprints/
01_core/README.md,OK,./index.md
01_core/index.md,OK,../01_runtime/index.md
01_core/index.md,OK,../02_events/index.md
01_core/index.md,OK,../03_modules/index.md
07_settings_crypto/README.md,OK,./index.md
07_settings_crypto/README.md,OK,./datasets/
07_settings_crypto/README.md,OK,./diagrams/
07_settings_crypto/README.md,OK,./blueprints/
07_settings_crypto/README.md,OK,./index.md
07_settings_crypto/index.md,OK,../01_core/index.md
07_settings_crypto/index.md,OK,../03_modules/index.md
07_settings_crypto/index.md,OK,../05_network/index.md
07_settings_crypto/index.md,OK,../01_runtime/index.md
07_settings_crypto/index.md,OK,../11_data/index.md
06_assets/README.md,OK,./index.md
06_assets/README.md,OK,./datasets/
06_assets/README.md,OK,./diagrams/
06_assets/README.md,OK,./blueprints/
06_assets/README.md,OK,./index.md
06_assets/index.md,OK,../11_data/index.md
06_assets/index.md,OK,../04_ui/index.md
06_assets/index.md,OK,../13_layouts/index.md
06_assets/index.md,OK,../10_game_runtime/index.md
06_assets/index.md,OK,../01_core/index.md
06_assets/index.md,OK,../01_runtime/index.md
12_otmod/README.md,OK,./index.md
12_otmod/README.md,OK,./datasets/
12_otmod/README.md,OK,./diagrams/
12_otmod/README.md,OK,./blueprints/
12_otmod/README.md,OK,./index.md
12_otmod/load_later_patterns.md,BROKEN,./module_dependencies.md
12_otmod/load_later_patterns.md,OK,./sandbox_security.md
12_otmod/load_later_patterns.md,OK,./blueprints/otmod_template.md
12_otmod/load_later_patterns.md,OK,./datasets/module_deps.csv
12_otmod/index.md,OK,./load_later_patterns.md
12_otmod/index.md,OK,./sandbox_security.md
12_otmod/index.md,OK,./diagrams/module_lifecycle.mmd
12_otmod/index.md,OK,../03_modules/index.md
12_otmod/index.md,OK,../11_data/index.md
12_otmod/index.md,OK,../04_ui/index.md
12_otmod/index.md,OK,../01_core/index.md
12_otmod/index.md,OK,../02_events/index.md
12_otmod/sandbox_security.md,OK,./load_later_patterns.md
12_otmod/sandbox_security.md,BROKEN,./module_dependencies.md
12_otmod/sandbox_security.md,OK,../03_modules/index.md
12_otmod/sandbox_security.md,BROKEN,../01_core/security.md
15_vc16/angle_integration.md,OK,./egl_initialization.md
15_vc16/angle_integration.md,OK,./dll_deployment.md
15_vc16/angle_integration.md,OK,../15_vc16/index.md
15_vc16/angle_integration.md,BROKEN,../01_core/graphics.md
15_vc16/README.md,OK,./index.md
15_vc16/README.md,OK,./datasets/
15_vc16/README.md,OK,./diagrams/
15_vc16/README.md,OK,./blueprints/
15_vc16/README.md,OK,./index.md
15_vc16/dll_deployment.md,OK,./angle_integration.md
15_vc16/dll_deployment.md,OK,./egl_initialization.md
15_vc16/dll_deployment.md,OK,./index.md
15_vc16/dll_deployment.md,BROKEN,../14_android/deployment.md
15_vc16/egl_initialization.md,OK,./angle_integration.md
15_vc16/egl_initialization.md,OK,./angle_integration.md
15_vc16/egl_initialization.md,OK,./dll_deployment.md
15_vc16/index.md,OK,./angle_integration.md
15_vc16/index.md,OK,./egl_initialization.md
15_vc16/index.md,OK,./dll_deployment.md
15_vc16/index.md,OK,../01_core/index.md
15_vc16/index.md,OK,../05_network/index.md
15_vc16/index.md,OK,../14_android/index.md
15_vc16/index.md,OK,../06_assets/index.md
13_layouts/theme_creation.md,BROKEN,./override_resolution.md
13_layouts/theme_creation.md,BROKEN,./image_properties.md
13_layouts/theme_creation.md,OK,../04_ui/index.md
13_layouts/theme_creation.md,OK,../11_data/index.md
13_layouts/README.md,OK,./index.md
13_layouts/README.md,OK,./datasets/
13_layouts/README.md,OK,./diagrams/
13_layouts/README.md,OK,./blueprints/
13_layouts/README.md,OK,./index.md
13_layouts/index.md,OK,./theme_creation.md
13_layouts/index.md,OK,../04_ui/index.md
13_layouts/index.md,OK,../11_data/index.md
13_layouts/index.md,OK,../12_otmod/index.md
10_game_runtime/README.md,OK,./index.md
10_game_runtime/README.md,OK,./datasets/
10_game_runtime/README.md,OK,./diagrams/
10_game_runtime/README.md,OK,./blueprints/
10_game_runtime/README.md,OK,./index.md
10_game_runtime/index.md,OK,../01_runtime/index.md
10_game_runtime/index.md,OK,../02_events/index.md
10_game_runtime/index.md,OK,../04_ui/index.md
10_game_runtime/index.md,OK,../01_core/index.md
10_game_runtime/index.md,OK,../05_network/index.md
10_game_runtime/index.md,OK,../06_assets/index.md
04_ui/otui/game_questlog/questlogwindow.md,BROKEN,../diagrams/questlogwindow.mmd
04_ui/otui/game_spelllist/spelllist.md,BROKEN,../diagrams/spelllist.mmd
04_ui/otui/client_locales/locales.md,BROKEN,../diagrams/locales.mmd
04_ui/otui/game_playertrade/tradewindow.md,BROKEN,../diagrams/tradewindow.mmd
04_ui/otui/game_imbuing/imbuing.md,BROKEN,../diagrams/imbuing.mmd
04_ui/otui/game_outfit/outfitwindow.md,BROKEN,../diagrams/outfitwindow.mmd
04_ui/otui/game_itemselector/itemselector.md,BROKEN,../diagrams/itemselector.mmd
04_ui/otui/game_hotkeys/hotkeys_manager.md,BROKEN,../diagrams/hotkeys_manager.mmd
04_ui/otui/game_textwindow/textwindow.md,BROKEN,../diagrams/textwindow.mmd
04_ui/otui/game_shop/shop.md,BROKEN,../diagrams/shop.mmd
04_ui/otui/game_battle/battle.md,BROKEN,../diagrams/battle.mmd
04_ui/otui/game_battle/battlebutton.md,BROKEN,../diagrams/battlebutton.mmd
04_ui/otui/game_actionbar/sideactionbar.md,BROKEN,../diagrams/sideactionbar.mmd
04_ui/otui/game_actionbar/spell.md,BROKEN,../diagrams/spell.mmd
04_ui/otui/game_actionbar/actionbar.md,BROKEN,../diagrams/actionbar.mmd
04_ui/otui/game_actionbar/object.md,BROKEN,../diagrams/object.mmd
04_ui/otui/game_skills/skills.md,BROKEN,../diagrams/skills.mmd
04_ui/otui/game_interface/gameinterface.md,BROKEN,../diagrams/gameinterface.mmd
04_ui/otui/client_options/options.md,BROKEN,../diagrams/options.mmd
04_ui/otui/game_playerdeath/deathwindow.md,BROKEN,../diagrams/deathwindow.mmd
04_ui/otui/game_cooldown/cooldown.md,BROKEN,../diagrams/cooldown.mmd
04_ui/otui/game_ruleviolation/ruleviolation.md,BROKEN,../diagrams/ruleviolation.mmd
04_ui/otui/game_minimap/flagwindow.md,BROKEN,../diagrams/flagwindow.mmd
04_ui/otui/game_viplist/editvip.md,BROKEN,../diagrams/editvip.mmd
04_ui/otui/game_viplist/viplist.md,BROKEN,../diagrams/viplist.mmd
04_ui/otui/game_unjustifiedpoints/unjustifiedpoints.md,BROKEN,../diagrams/unjustifiedpoints.mmd
04_ui/otui/game_console/communicationwindow.md,BROKEN,../diagrams/communicationwindow.mmd
04_ui/otui/game_console/channelswindow.md,BROKEN,../diagrams/channelswindow.mmd
04_ui/otui/game_bugreport/bugreport.md,BROKEN,../diagrams/bugreport.mmd
04_ui/otui/game_prey/prey.md,BROKEN,../diagrams/prey.mmd
04_ui/otui/client_entergame/characterlist.md,BROKEN,../diagrams/characterlist.mmd
04_ui/otui/game_market/market.md,BROKEN,../diagrams/market.mmd
04_ui/otui/game_npctrade/npctrade.md,BROKEN,../diagrams/npctrade.mmd
04_ui/otui/game_topbar/topbar.md,BROKEN,../diagrams/topbar.mmd
04_ui/otui/client_terminal/terminal.md,BROKEN,../diagrams/terminal.mmd
04_ui/otui/client_stats/stats.md,BROKEN,../diagrams/stats.mmd
04_ui/otui/client_textedit/textedit.md,BROKEN,../diagrams/textedit.mmd
04_ui/otui/game_bot/bot.md,BROKEN,../diagrams/bot.mmd
04_ui/otui/game_modaldialog/modaldialog.md,BROKEN,../diagrams/modaldialog.mmd
04_ui/otui/game_textmessage/textmessage.md,BROKEN,../diagrams/textmessage.mmd
04_ui/otui/game_interface/styles/countwindow.md,BROKEN,../diagrams/countwindow.mmd
04_ui/otui/game_market/ui/myoffers/currentoffers.md,BROKEN,../diagrams/currentoffers.mmd
04_ui/otui/game_market/ui/general/amountwindow.md,BROKEN,../diagrams/amountwindow.mmd
04_ui/otui/game_market/ui/general/marketcombobox.md,BROKEN,../diagrams/marketcombobox.mmd
04_ui/otui/game_market/ui/general/markettabs.md,BROKEN,../diagrams/markettabs.mmd
04_ui/otui/game_market/ui/general/marketbuttons.md,BROKEN,../diagrams/marketbuttons.mmd
04_ui/otui/game_market/ui/marketoffers/itemoffers.md,BROKEN,../diagrams/itemoffers.mmd
04_ui/otui/game_market/ui/marketoffers/browse.md,BROKEN,../diagrams/browse.mmd
04_ui/otui/game_market/ui/marketoffers/itemdetails.md,BROKEN,../diagrams/itemdetails.mmd
04_ui/otui/game_market/ui/marketoffers/itemstats.md,BROKEN,../diagrams/itemstats.mmd
04_ui/otui/game_bot/ui/basic.md,BROKEN,../diagrams/basic.mmd
04_ui/otui/game_bot/ui/container.md,BROKEN,../diagrams/container.mmd
04_ui/otui/game_bot/ui/config.md,BROKEN,../diagrams/config.mmd
04_ui/otui/game_bot/ui/icons.md,BROKEN,../diagrams/icons.mmd
04_ui/otui/game_bot/ui/panels.md,BROKEN,../diagrams/panels.mmd
04_ui/otui/game_bot/default_configs/vBot_4.7/cavebot/cavebot.md,BROKEN,../diagrams/cavebot.mmd
04_ui/otui/game_bot/default_configs/vBot_4.7/cavebot/config.md,BROKEN,../diagrams/config.mmd
04_ui/otui/game_bot/default_configs/vBot_4.7/cavebot/editor.md,BROKEN,../diagrams/editor.mmd
04_ui/otui/game_bot/default_configs/vBot_4.7/vBot/HealBot.md,BROKEN,../diagrams/HealBot.mmd
04_ui/otui/game_bot/default_configs/vBot_4.7/vBot/playerlist.md,BROKEN,../diagrams/playerlist.mmd
04_ui/otui/game_bot/default_configs/vBot_4.7/vBot/siolist.md,BROKEN,../diagrams/siolist.mmd
04_ui/otui/game_bot/default_configs/vBot_4.7/vBot/Conditions.md,BROKEN,../diagrams/Conditions.mmd
04_ui/otui/game_bot/default_configs/vBot_4.7/vBot/new_healer.md,BROKEN,../diagrams/new_healer.mmd
04_ui/otui/game_bot/default_configs/vBot_4.7/vBot/alarms.md,BROKEN,../diagrams/alarms.mmd
04_ui/otui/game_bot/default_configs/vBot_4.7/vBot/pushmax.md,BROKEN,../diagrams/pushmax.mmd
04_ui/otui/game_bot/default_configs/vBot_4.7/vBot/analyzer.md,BROKEN,../diagrams/analyzer.mmd
04_ui/otui/game_bot/default_configs/vBot_4.7/vBot/equipper.md,BROKEN,../diagrams/equipper.mmd
04_ui/otui/game_bot/default_configs/vBot_4.7/vBot/AttackBot.md,BROKEN,../diagrams/AttackBot.mmd
04_ui/otui/game_bot/default_configs/vBot_4.7/vBot/extras.md,BROKEN,../diagrams/extras.mmd
04_ui/otui/game_bot/default_configs/vBot_4.7/vBot/supplies.md,BROKEN,../diagrams/supplies.mmd
04_ui/otui/game_bot/default_configs/vBot_4.7/vBot/depositer_config.md,BROKEN,../diagrams/depositer_config.mmd
04_ui/otui/game_bot/default_configs/vBot_4.7/vBot/combo.md,BROKEN,../diagrams/combo.mmd
04_ui/otui/game_bot/default_configs/vBot_4.7/vBot/BotServer.md,BROKEN,../diagrams/BotServer.mmd
04_ui/otui/game_bot/default_configs/vBot_4.7/targetbot/creature_editor.md,BROKEN,../diagrams/creature_editor.mmd
04_ui/otui/game_bot/default_configs/vBot_4.7/targetbot/looting.md,BROKEN,../diagrams/looting.mmd
04_ui/otui/game_bot/default_configs/vBot_4.7/targetbot/target.md,BROKEN,../diagrams/target.mmd
04_ui/otui/game_bot/default_configs/cavebot_1.3/cavebot/cavebot.md,BROKEN,../diagrams/cavebot.mmd
04_ui/otui/game_bot/default_configs/cavebot_1.3/cavebot/supply.md,BROKEN,../diagrams/supply.mmd
04_ui/otui/game_bot/default_configs/cavebot_1.3/cavebot/config.md,BROKEN,../diagrams/config.mmd
04_ui/otui/game_bot/default_configs/cavebot_1.3/cavebot/editor.md,BROKEN,../diagrams/editor.mmd
04_ui/otui/game_bot/default_configs/cavebot_1.3/targetbot/creature_editor.md,BROKEN,../diagrams/creature_editor.mmd
04_ui/otui/game_bot/default_configs/cavebot_1.3/targetbot/looting.md,BROKEN,../diagrams/looting.mmd
04_ui/otui/game_bot/default_configs/cavebot_1.3/targetbot/target.md,BROKEN,../diagrams/target.mmd
04_ui/otui/game_bot/default_configs/vBot_4.8/cavebot/cavebot.md,BROKEN,../diagrams/cavebot.mmd
04_ui/otui/game_bot/default_configs/vBot_4.8/cavebot/config.md,BROKEN,../diagrams/config.mmd
04_ui/otui/game_bot/default_configs/vBot_4.8/cavebot/editor.md,BROKEN,../diagrams/editor.mmd
04_ui/otui/game_bot/default_configs/vBot_4.8/vBot/HealBot.md,BROKEN,../diagrams/HealBot.mmd
04_ui/otui/game_bot/default_configs/vBot_4.8/vBot/playerlist.md,BROKEN,../diagrams/playerlist.mmd
04_ui/otui/game_bot/default_configs/vBot_4.8/vBot/siolist.md,BROKEN,../diagrams/siolist.mmd
04_ui/otui/game_bot/default_configs/vBot_4.8/vBot/Conditions.md,BROKEN,../diagrams/Conditions.mmd
04_ui/otui/game_bot/default_configs/vBot_4.8/vBot/new_healer.md,BROKEN,../diagrams/new_healer.mmd
04_ui/otui/game_bot/default_configs/vBot_4.8/vBot/alarms.md,BROKEN,../diagrams/alarms.mmd
04_ui/otui/game_bot/default_configs/vBot_4.8/vBot/pushmax.md,BROKEN,../diagrams/pushmax.mmd
04_ui/otui/game_bot/default_configs/vBot_4.8/vBot/analyzer.md,BROKEN,../diagrams/analyzer.mmd
04_ui/otui/game_bot/default_configs/vBot_4.8/vBot/equipper.md,BROKEN,../diagrams/equipper.mmd
04_ui/otui/game_bot/default_configs/vBot_4.8/vBot/AttackBot.md,BROKEN,../diagrams/AttackBot.mmd
04_ui/otui/game_bot/default_configs/vBot_4.8/vBot/extras.md,BROKEN,../diagrams/extras.mmd
04_ui/otui/game_bot/default_configs/vBot_4.8/vBot/supplies.md,BROKEN,../diagrams/supplies.mmd
04_ui/otui/game_bot/default_configs/vBot_4.8/vBot/depositer_config.md,BROKEN,../diagrams/depositer_config.mmd
04_ui/otui/game_bot/default_configs/vBot_4.8/vBot/combo.md,BROKEN,../diagrams/combo.mmd
04_ui/otui/game_bot/default_configs/vBot_4.8/vBot/BotServer.md,BROKEN,../diagrams/BotServer.mmd
04_ui/otui/game_bot/default_configs/vBot_4.8/targetbot/creature_editor.md,BROKEN,../diagrams/creature_editor.mmd
04_ui/otui/game_bot/default_configs/vBot_4.8/targetbot/looting.md,BROKEN,../diagrams/looting.mmd
04_ui/otui/game_bot/default_configs/vBot_4.8/targetbot/target.md,BROKEN,../diagrams/target.mmd
01_core/api/cpp/android/android_native_app_glue.md,BROKEN,../diagrams/android_native_app_glue.mmd
01_core/api/cpp/client/player.md,BROKEN,../diagrams/player.mmd
01_core/api/cpp/client/uicreature.md,BROKEN,../diagrams/uicreature.mmd
01_core/api/cpp/client/uimapanchorlayout.md,BROKEN,../diagrams/uimapanchorlayout.mmd
01_core/api/cpp/client/missile.md,BROKEN,../diagrams/missile.mmd
01_core/api/cpp/client/uisprite.md,BROKEN,../diagrams/uisprite.mmd
01_core/api/cpp/client/item.md,BROKEN,../diagrams/item.mmd
01_core/api/cpp/client/client.md,BROKEN,../diagrams/client.mmd
01_core/api/cpp/client/thingtypemanager.md,BROKEN,../diagrams/thingtypemanager.mmd
01_core/api/cpp/client/minimap.md,BROKEN,../diagrams/minimap.mmd
01_core/api/cpp/client/thing.md,BROKEN,../diagrams/thing.mmd
01_core/api/cpp/client/creatures.md,BROKEN,../diagrams/creatures.mmd
01_core/api/cpp/client/container.md,BROKEN,../diagrams/container.mmd
01_core/api/cpp/client/houses.md,BROKEN,../diagrams/houses.mmd
01_core/api/cpp/client/creature.md,BROKEN,../diagrams/creature.mmd
01_core/api/cpp/client/uiprogressrect.md,BROKEN,../diagrams/uiprogressrect.mmd
01_core/api/cpp/client/map.md,BROKEN,../diagrams/map.mmd
01_core/api/cpp/client/animator.md,BROKEN,../diagrams/animator.mmd
01_core/api/cpp/client/itemtype.md,BROKEN,../diagrams/itemtype.mmd
01_core/api/cpp/client/walkmatrix.md,BROKEN,../diagrams/walkmatrix.mmd
01_core/api/cpp/client/spritemanager.md,BROKEN,../diagrams/spritemanager.mmd
01_core/api/cpp/client/uigraph.md,BROKEN,../diagrams/uigraph.mmd
01_core/api/cpp/client/declarations.md,BROKEN,../diagrams/declarations.mmd
01_core/api/cpp/client/game.md,BROKEN,../diagrams/game.mmd
01_core/api/cpp/client/uiitem.md,BROKEN,../diagrams/uiitem.mmd
01_core/api/cpp/client/thingtype.md,BROKEN,../diagrams/thingtype.mmd
01_core/api/cpp/client/statictext.md,BROKEN,../diagrams/statictext.mmd
01_core/api/cpp/client/towns.md,BROKEN,../diagrams/towns.mmd
01_core/api/cpp/client/tile.md,BROKEN,../diagrams/tile.mmd
01_core/api/cpp/client/effect.md,BROKEN,../diagrams/effect.mmd
01_core/api/cpp/client/lightview.md,BROKEN,../diagrams/lightview.mmd
01_core/api/cpp/client/position.md,BROKEN,../diagrams/position.mmd
01_core/api/cpp/client/uimap.md,BROKEN,../diagrams/uimap.mmd
01_core/api/cpp/client/localplayer.md,BROKEN,../diagrams/localplayer.mmd
01_core/api/cpp/client/uiminimap.md,BROKEN,../diagrams/uiminimap.mmd
01_core/api/cpp/client/animatedtext.md,BROKEN,../diagrams/animatedtext.mmd
01_core/api/cpp/client/healthbars.md,BROKEN,../diagrams/healthbars.mmd
01_core/api/cpp/client/protocolgame.md,BROKEN,../diagrams/protocolgame.mmd
01_core/api/cpp/client/mapview.md,BROKEN,../diagrams/mapview.mmd
01_core/api/cpp/client/thingstype.md,BROKEN,../diagrams/thingstype.mmd
01_core/api/cpp/client/outfit.md,BROKEN,../diagrams/outfit.mmd
01_core/api/cpp/framework/net/outputmessage.md,BROKEN,../diagrams/outputmessage.mmd
01_core/api/cpp/framework/net/inputmessage.md,BROKEN,../diagrams/inputmessage.mmd
01_core/api/cpp/framework/net/protocol.md,BROKEN,../diagrams/protocol.mmd
01_core/api/cpp/framework/net/packet_recorder.md,BROKEN,../diagrams/packet_recorder.mmd
01_core/api/cpp/framework/net/declarations.md,BROKEN,../diagrams/declarations.mmd
01_core/api/cpp/framework/net/server.md,BROKEN,../diagrams/server.mmd
01_core/api/cpp/framework/net/connection.md,BROKEN,../diagrams/connection.mmd
01_core/api/cpp/framework/net/packet_player.md,BROKEN,../diagrams/packet_player.mmd
01_core/api/cpp/framework/xml/tinyxml.md,BROKEN,../diagrams/tinyxml.mmd
01_core/api/cpp/framework/xml/tinystr.md,BROKEN,../diagrams/tinystr.mmd
01_core/api/cpp/framework/core/inputevent.md,BROKEN,../diagrams/inputevent.mmd
01_core/api/cpp/framework/core/scheduledevent.md,BROKEN,../diagrams/scheduledevent.mmd
01_core/api/cpp/framework/core/binarytree.md,BROKEN,../diagrams/binarytree.mmd
01_core/api/cpp/framework/core/consoleapplication.md,BROKEN,../diagrams/consoleapplication.mmd
01_core/api/cpp/framework/core/eventdispatcher.md,BROKEN,../diagrams/eventdispatcher.mmd
01_core/api/cpp/framework/core/config.md,BROKEN,../diagrams/config.mmd
01_core/api/cpp/framework/core/event.md,BROKEN,../diagrams/event.mmd
01_core/api/cpp/framework/core/configmanager.md,BROKEN,../diagrams/configmanager.mmd
01_core/api/cpp/framework/core/clock.md,BROKEN,../diagrams/clock.mmd
01_core/api/cpp/framework/core/logger.md,BROKEN,../diagrams/logger.mmd
01_core/api/cpp/framework/core/filestream.md,BROKEN,../diagrams/filestream.mmd
01_core/api/cpp/framework/core/declarations.md,BROKEN,../diagrams/declarations.mmd
01_core/api/cpp/framework/core/modulemanager.md,BROKEN,../diagrams/modulemanager.mmd
01_core/api/cpp/framework/core/graphicalapplication.md,BROKEN,../diagrams/graphicalapplication.mmd
01_core/api/cpp/framework/core/asyncdispatcher.md,BROKEN,../diagrams/asyncdispatcher.mmd
01_core/api/cpp/framework/core/resourcemanager.md,BROKEN,../diagrams/resourcemanager.mmd
01_core/api/cpp/framework/core/module.md,BROKEN,../diagrams/module.mmd
01_core/api/cpp/framework/core/adaptiverenderer.md,BROKEN,../diagrams/adaptiverenderer.mmd
01_core/api/cpp/framework/core/timer.md,BROKEN,../diagrams/timer.mmd
01_core/api/cpp/framework/core/application.md,BROKEN,../diagrams/application.mmd
01_core/api/cpp/framework/proxy/proxy_client.md,BROKEN,../diagrams/proxy_client.mmd
01_core/api/cpp/framework/proxy/proxy.md,BROKEN,../diagrams/proxy.mmd
01_core/api/cpp/framework/platform/platformwindow.md,BROKEN,../diagrams/platformwindow.mmd
01_core/api/cpp/framework/platform/androidwindow.md,BROKEN,../diagrams/androidwindow.mmd
01_core/api/cpp/framework/platform/platform.md,BROKEN,../diagrams/platform.mmd
01_core/api/cpp/framework/platform/x11window.md,BROKEN,../diagrams/x11window.mmd
01_core/api/cpp/framework/platform/win32window.md,BROKEN,../diagrams/win32window.mmd
01_core/api/cpp/framework/platform/sdlwindow.md,BROKEN,../diagrams/sdlwindow.mmd
01_core/api/cpp/framework/graphics/animatedtexture.md,BROKEN,../diagrams/animatedtexture.mmd
01_core/api/cpp/framework/graphics/paintershaderprogram.md,BROKEN,../diagrams/paintershaderprogram.mmd
01_core/api/cpp/framework/graphics/framebuffer.md,BROKEN,../diagrams/framebuffer.mmd
01_core/api/cpp/framework/graphics/texture.md,BROKEN,../diagrams/texture.mmd
01_core/api/cpp/framework/graphics/drawcache.md,BROKEN,../diagrams/drawcache.mmd
01_core/api/cpp/framework/graphics/framebuffermanager.md,BROKEN,../diagrams/framebuffermanager.mmd
01_core/api/cpp/framework/graphics/bitmapfont.md,BROKEN,../diagrams/bitmapfont.mmd
01_core/api/cpp/framework/graphics/painter.md,BROKEN,../diagrams/painter.mmd
01_core/api/cpp/framework/graphics/drawqueue.md,BROKEN,../diagrams/drawqueue.mmd
01_core/api/cpp/framework/graphics/texturemanager.md,BROKEN,../diagrams/texturemanager.mmd
01_core/api/cpp/framework/graphics/fontmanager.md,BROKEN,../diagrams/fontmanager.mmd
01_core/api/cpp/framework/graphics/apngloader.md,BROKEN,../diagrams/apngloader.mmd
01_core/api/cpp/framework/graphics/graph.md,BROKEN,../diagrams/graph.mmd
01_core/api/cpp/framework/graphics/coordsbuffer.md,BROKEN,../diagrams/coordsbuffer.mmd
01_core/api/cpp/framework/graphics/declarations.md,BROKEN,../diagrams/declarations.mmd
01_core/api/cpp/framework/graphics/textrender.md,BROKEN,../diagrams/textrender.mmd
01_core/api/cpp/framework/graphics/atlas.md,BROKEN,../diagrams/atlas.mmd
01_core/api/cpp/framework/graphics/cachedtext.md,BROKEN,../diagrams/cachedtext.mmd
01_core/api/cpp/framework/graphics/vertexarray.md,BROKEN,../diagrams/vertexarray.mmd
01_core/api/cpp/framework/graphics/shadermanager.md,BROKEN,../diagrams/shadermanager.mmd
01_core/api/cpp/framework/graphics/shaderprogram.md,BROKEN,../diagrams/shaderprogram.mmd
01_core/api/cpp/framework/graphics/colorarray.md,BROKEN,../diagrams/colorarray.mmd
01_core/api/cpp/framework/graphics/deptharray.md,BROKEN,../diagrams/deptharray.mmd
01_core/api/cpp/framework/graphics/hardwarebuffer.md,BROKEN,../diagrams/hardwarebuffer.mmd
01_core/api/cpp/framework/graphics/shader.md,BROKEN,../diagrams/shader.mmd
01_core/api/cpp/framework/graphics/image.md,BROKEN,../diagrams/image.mmd
01_core/api/cpp/framework/graphics/graphics.md,BROKEN,../diagrams/graphics.mmd
01_core/api/cpp/framework/util/color.md,BROKEN,../diagrams/color.mmd
01_core/api/cpp/framework/util/qrcodegen.md,BROKEN,../diagrams/qrcodegen.mmd
01_core/api/cpp/framework/util/matrix.md,BROKEN,../diagrams/matrix.mmd
01_core/api/cpp/framework/util/crypt.md,BROKEN,../diagrams/crypt.mmd
01_core/api/cpp/framework/util/databuffer.md,BROKEN,../diagrams/databuffer.mmd
01_core/api/cpp/framework/util/size.md,BROKEN,../diagrams/size.mmd
01_core/api/cpp/framework/util/pngunpacker.md,BROKEN,../diagrams/pngunpacker.mmd
01_core/api/cpp/framework/util/stats.md,BROKEN,../diagrams/stats.mmd
01_core/api/cpp/framework/util/rect.md,BROKEN,../diagrams/rect.mmd
01_core/api/cpp/framework/util/extras.md,BROKEN,../diagrams/extras.mmd
01_core/api/cpp/framework/util/point.md,BROKEN,../diagrams/point.mmd
01_core/api/cpp/framework/util/framecounter.md,BROKEN,../diagrams/framecounter.mmd
01_core/api/cpp/framework/sound/soundbuffer.md,BROKEN,../diagrams/soundbuffer.mmd
01_core/api/cpp/framework/sound/soundfile.md,BROKEN,../diagrams/soundfile.mmd
01_core/api/cpp/framework/sound/soundchannel.md,BROKEN,../diagrams/soundchannel.mmd
01_core/api/cpp/framework/sound/combinedsoundsource.md,BROKEN,../diagrams/combinedsoundsource.mmd
01_core/api/cpp/framework/sound/streamsoundsource.md,BROKEN,../diagrams/streamsoundsource.mmd
01_core/api/cpp/framework/sound/declarations.md,BROKEN,../diagrams/declarations.mmd
01_core/api/cpp/framework/sound/soundmanager.md,BROKEN,../diagrams/soundmanager.mmd
01_core/api/cpp/framework/sound/oggsoundfile.md,BROKEN,../diagrams/oggsoundfile.mmd
01_core/api/cpp/framework/sound/soundsource.md,BROKEN,../diagrams/soundsource.mmd
01_core/api/cpp/framework/http/http.md,BROKEN,../diagrams/http.mmd
01_core/api/cpp/framework/http/session.md,BROKEN,../diagrams/session.mmd
01_core/api/cpp/framework/http/websocket.md,BROKEN,../diagrams/websocket.mmd
01_core/api/cpp/framework/http/result.md,BROKEN,../diagrams/result.mmd
01_core/api/cpp/framework/otml/otmlemitter.md,BROKEN,../diagrams/otmlemitter.mmd
01_core/api/cpp/framework/otml/otmlnode.md,BROKEN,../diagrams/otmlnode.mmd
01_core/api/cpp/framework/otml/otmlparser.md,BROKEN,../diagrams/otmlparser.mmd
01_core/api/cpp/framework/otml/declarations.md,BROKEN,../diagrams/declarations.mmd
01_core/api/cpp/framework/otml/otmldocument.md,BROKEN,../diagrams/otmldocument.mmd
01_core/api/cpp/framework/otml/otmlexception.md,BROKEN,../diagrams/otmlexception.mmd
01_core/api/cpp/framework/stdext/dumper.md,BROKEN,../diagrams/dumper.mmd
01_core/api/cpp/framework/stdext/dynamic_storage.md,BROKEN,../diagrams/dynamic_storage.mmd
01_core/api/cpp/framework/stdext/time.md,BROKEN,../diagrams/time.mmd
01_core/api/cpp/framework/stdext/cast.md,BROKEN,../diagrams/cast.mmd
01_core/api/cpp/framework/stdext/packed_any.md,BROKEN,../diagrams/packed_any.mmd
01_core/api/cpp/framework/stdext/packed_storage.md,BROKEN,../diagrams/packed_storage.mmd
01_core/api/cpp/framework/stdext/boolean.md,BROKEN,../diagrams/boolean.mmd
01_core/api/cpp/framework/stdext/exception.md,BROKEN,../diagrams/exception.mmd
01_core/api/cpp/framework/stdext/any.md,BROKEN,../diagrams/any.mmd
01_core/api/cpp/framework/stdext/shared_object.md,BROKEN,../diagrams/shared_object.mmd
01_core/api/cpp/framework/stdext/uri.md,BROKEN,../diagrams/uri.mmd
01_core/api/cpp/framework/input/mouse.md,BROKEN,../diagrams/mouse.mmd
01_core/api/cpp/framework/ui/uitextedit.md,BROKEN,../diagrams/uitextedit.mmd
01_core/api/cpp/framework/ui/uianchorlayout.md,BROKEN,../diagrams/uianchorlayout.mmd
01_core/api/cpp/framework/ui/uiboxlayout.md,BROKEN,../diagrams/uiboxlayout.mmd
01_core/api/cpp/framework/ui/uiverticallayout.md,BROKEN,../diagrams/uiverticallayout.mmd
01_core/api/cpp/framework/ui/uihorizontallayout.md,BROKEN,../diagrams/uihorizontallayout.mmd
01_core/api/cpp/framework/ui/uilayout.md,BROKEN,../diagrams/uilayout.mmd
01_core/api/cpp/framework/ui/uimanager.md,BROKEN,../diagrams/uimanager.mmd
01_core/api/cpp/framework/ui/declarations.md,BROKEN,../diagrams/declarations.mmd
01_core/api/cpp/framework/ui/uiwidget.md,BROKEN,../diagrams/uiwidget.mmd
01_core/api/cpp/framework/ui/uigridlayout.md,BROKEN,../diagrams/uigridlayout.mmd
01_core/api/cpp/framework/luaengine/luainterface.md,BROKEN,../diagrams/luainterface.mmd
01_core/api/cpp/framework/luaengine/luavaluecasts.md,BROKEN,../diagrams/luavaluecasts.mmd
01_core/api/cpp/framework/luaengine/luabinder.md,BROKEN,../diagrams/luabinder.mmd
01_core/api/cpp/framework/luaengine/lbitlib.md,BROKEN,../diagrams/lbitlib.mmd
01_core/api/cpp/framework/luaengine/declarations.md,BROKEN,../diagrams/declarations.mmd
01_core/api/cpp/framework/luaengine/luaobject.md,BROKEN,../diagrams/luaobject.mmd
01_core/api/cpp/framework/luaengine/luaexception.md,BROKEN,../diagrams/luaexception.mmd
