chapter,file,issue,line
01_core,flow.mmd,Missing or incorrect Mermaid init block,1
02_events,architecture.mmd,Missing or incorrect Mermaid init block,1
02_events,flow.mmd,Missing or incorrect Mermaid init block,1
03_modules,architecture.mmd,Missing or incorrect Mermaid init block,1
03_modules,flow.mmd,Missing or incorrect Mermaid init block,1
04_ui,gameinterface.mmd,Missing or incorrect Mermaid init block,1
04_ui,architecture.mmd,Missing or incorrect Mermaid init block,1
04_ui,channelswindow.mmd,Missing or incorrect Mermaid init block,1
04_ui,hotkeys_manager.mmd,Missing or incorrect Mermaid init block,1
04_ui,markettabs.mmd,Missing or incorrect Mermaid init block,1
04_ui,alarms.mmd,Missing or incorrect Mermaid init block,1
04_ui,battlebutton.mmd,Missing or incorrect Mermaid init block,1
04_ui,depositer_config.mmd,Missing or incorrect Mermaid init block,1
04_ui,battle.mmd,Missing or incorrect Mermaid init block,1
04_ui,flagwindow.mmd,Missing or incorrect Mermaid init block,1
04_ui,analyzer.mmd,Missing or incorrect Mermaid init block,1
04_ui,pushmax.mmd,Missing or incorrect Mermaid init block,1
04_ui,looting.mmd,Missing or incorrect Mermaid init block,1
04_ui,container.mmd,Missing or incorrect Mermaid init block,1
04_ui,AttackBot.mmd,Missing or incorrect Mermaid init block,1
04_ui,stats.mmd,Missing or incorrect Mermaid init block,1
04_ui,config.mmd,Missing or incorrect Mermaid init block,1
04_ui,outfitwindow.mmd,Missing or incorrect Mermaid init block,1
04_ui,bugreport.mmd,Missing or incorrect Mermaid init block,1
04_ui,terminal.mmd,Missing or incorrect Mermaid init block,1
04_ui,itemselector.mmd,Missing or incorrect Mermaid init block,1
04_ui,new_healer.mmd,Missing or incorrect Mermaid init block,1
04_ui,basic.mmd,Missing or incorrect Mermaid init block,1
04_ui,icons.mmd,Missing or incorrect Mermaid init block,1
04_ui,skills.mmd,Missing or incorrect Mermaid init block,1
04_ui,equipper.mmd,Missing or incorrect Mermaid init block,1
04_ui,actionbar.mmd,Missing or incorrect Mermaid init block,1
04_ui,object.mmd,Missing or incorrect Mermaid init block,1
04_ui,amountwindow.mmd,Missing or incorrect Mermaid init block,1
04_ui,textedit.mmd,Missing or incorrect Mermaid init block,1
04_ui,shop.mmd,Missing or incorrect Mermaid init block,1
04_ui,supplies.mmd,Missing or incorrect Mermaid init block,1
04_ui,HealBot.mmd,Missing or incorrect Mermaid init block,1
04_ui,panels.mmd,Missing or incorrect Mermaid init block,1
04_ui,playerlist.mmd,Missing or incorrect Mermaid init block,1
04_ui,supply.mmd,Missing or incorrect Mermaid init block,1
04_ui,editor.mmd,Missing or incorrect Mermaid init block,1
04_ui,ruleviolation.mmd,Missing or incorrect Mermaid init block,1
04_ui,characterlist.mmd,Missing or incorrect Mermaid init block,1
04_ui,questlogwindow.mmd,Missing or incorrect Mermaid init block,1
04_ui,creature_editor.mmd,Missing or incorrect Mermaid init block,1
04_ui,marketcombobox.mmd,Missing or incorrect Mermaid init block,1
04_ui,combo.mmd,Missing or incorrect Mermaid init block,1
04_ui,modaldialog.mmd,Missing or incorrect Mermaid init block,1
04_ui,spell.mmd,Missing or incorrect Mermaid init block,1
04_ui,options.mmd,Missing or incorrect Mermaid init block,1
04_ui,Conditions.mmd,Missing or incorrect Mermaid init block,1
04_ui,unjustifiedpoints.mmd,Missing or incorrect Mermaid init block,1
04_ui,target.mmd,Missing or incorrect Mermaid init block,1
04_ui,BotServer.mmd,Missing or incorrect Mermaid init block,1
04_ui,cooldown.mmd,Missing or incorrect Mermaid init block,1
04_ui,imbuing.mmd,Missing or incorrect Mermaid init block,1
04_ui,marketbuttons.mmd,Missing or incorrect Mermaid init block,1
04_ui,market.mmd,Missing or incorrect Mermaid init block,1
04_ui,sideactionbar.mmd,Missing or incorrect Mermaid init block,1
04_ui,textwindow.mmd,Missing or incorrect Mermaid init block,1
04_ui,prey.mmd,Missing or incorrect Mermaid init block,1
04_ui,bot.mmd,Missing or incorrect Mermaid init block,1
04_ui,browse.mmd,Missing or incorrect Mermaid init block,1
04_ui,viplist.mmd,Missing or incorrect Mermaid init block,1
04_ui,tradewindow.mmd,Missing or incorrect Mermaid init block,1
04_ui,extras.mmd,Missing or incorrect Mermaid init block,1
04_ui,locales.mmd,Missing or incorrect Mermaid init block,1
04_ui,itemstats.mmd,Missing or incorrect Mermaid init block,1
04_ui,editvip.mmd,Missing or incorrect Mermaid init block,1
04_ui,flow.mmd,Missing or incorrect Mermaid init block,1
04_ui,countwindow.mmd,Missing or incorrect Mermaid init block,1
04_ui,npctrade.mmd,Missing or incorrect Mermaid init block,1
04_ui,textmessage.mmd,Missing or incorrect Mermaid init block,1
04_ui,siolist.mmd,Missing or incorrect Mermaid init block,1
04_ui,spelllist.mmd,Missing or incorrect Mermaid init block,1
04_ui,topbar.mmd,Missing or incorrect Mermaid init block,1
04_ui,itemoffers.mmd,Missing or incorrect Mermaid init block,1
04_ui,deathwindow.mmd,Missing or incorrect Mermaid init block,1
04_ui,currentoffers.mmd,Missing or incorrect Mermaid init block,1
04_ui,communicationwindow.mmd,Missing or incorrect Mermaid init block,1
04_ui,itemdetails.mmd,Missing or incorrect Mermaid init block,1
04_ui,cavebot.mmd,Missing or incorrect Mermaid init block,1
05_network,architecture.mmd,Missing or incorrect Mermaid init block,1
05_network,flow.mmd,Missing or incorrect Mermaid init block,1
06_assets,architecture.mmd,Missing or incorrect Mermaid init block,1
06_assets,flow.mmd,Missing or incorrect Mermaid init block,1
07_settings_crypto,architecture.mmd,Missing or incorrect Mermaid init block,1
07_settings_crypto,flow.mmd,Missing or incorrect Mermaid init block,1
08_audio,architecture.mmd,Missing or incorrect Mermaid init block,1
08_audio,flow.mmd,Missing or incorrect Mermaid init block,1
09_logging,architecture.mmd,Missing or incorrect Mermaid init block,1
09_logging,flow.mmd,Missing or incorrect Mermaid init block,1
10_game_runtime,architecture.mmd,Missing or incorrect Mermaid init block,1
10_game_runtime,flow.mmd,Missing or incorrect Mermaid init block,1
