path,type,extension,size_bytes,used_by_layouts,used_by_otui,notes
styles/10-comboboxes.otui,styles,otui,2092,[],[],
styles/10-items.otui,styles,otui,172,[],[],
styles/10-separators.otui,styles,otui,284,[],[],
styles/10-checkboxes.otui,styles,otui,1270,[],[],
styles/30-inputboxes.otui,styles,otui,657,[],[],
styles/40-entergame.otui,styles,otui,76,[],[],
styles/20-popupmenus.otui,styles,otui,1555,[],[],
styles/40-container.otui,styles,otui,1363,[],[],
styles/10-scrollbars.otui,styles,otui,2229,[],[],
styles/20-smallscrollbar.otui,styles,otui,1283,[],[],
styles/30-messageboxes.otui,styles,otui,327,[],[],
styles/40-inventory.otui,styles,otui,7110,[],[],
styles/40-outfitwindow.otui,styles,otui,16533,[],[],
styles/40-console.otui,styles,otui,4237,[],[],
styles/10-creatures.otui,styles,otui,182,[],[],
styles/10-textedits.otui,styles,otui,456,[],[],
styles/10-labels.otui,styles,otui,383,[],[],
styles/40-healthinfo.otui,styles,otui,3222,[],[],
styles/20-imageview.otui,styles,otui,132,[],[],
styles/10-listboxes.otui,styles,otui,393,[],[],
styles/10-creaturebuttons.otui,styles,otui,920,[],[],
styles/40-tilewidget.otui,styles,otui,41,[],[],
styles/10-splitters.otui,styles,otui,150,[],[],
styles/20-spinboxes.otui,styles,otui,650,[],[],
styles/30-miniwindow.otui,styles,otui,2500,[],[],
styles/10-windows.otui,styles,otui,602,[],[],
styles/40-minimap.otui,styles,otui,5630,[],[],
styles/10-panels.otui,styles,otui,376,[],[],
styles/40-gamebuttons.otui,styles,otui,44,[],[],
styles/10-buttons.otui,styles,otui,1972,[],[],
styles/20-tabbars.otui,styles,otui,2568,[],[],
styles/20-tables.otui,styles,otui,1166,[],[],
styles/10-progressbars.otui,styles,otui,728,[],[],
styles/20-topmenu.otui,styles,otui,2403,[],[],
fonts/verdana-11px-antialised_cp1252.png,fonts,png,10035,[],[],
fonts/verdana-9px-italic.png,fonts,png,3090,[],[],
fonts/verdana-11px-rounded_cp1252.png,fonts,png,9963,[],[],
fonts/verdana-11px-antialised_cp1250.png,fonts,png,9537,[],[],
fonts/cipsoftFont.png,fonts,png,14320,[],[],
fonts/terminus-10px.png,fonts,png,3173,[],[],
fonts/cipsoftFont.otfont,fonts,otfont,95,[],[],
fonts/terminus-14px-bold.otfont,fonts,otfont,149,[],[],
fonts/verdana-9px-bold.png,fonts,png,3156,[],[],
fonts/verdana-11px-rounded.otfont,fonts,otfont,155,[],[],
fonts/verdana-9px-bold.otfont,fonts,otfont,124,[],[],
fonts/verdana-9px-italic.otfont,fonts,otfont,112,[],[],
fonts/verdana-11px-antialised.otfont,fonts,otfont,145,[],[],
fonts/verdana-11px-monochrome.otfont,fonts,otfont,129,[],[],
fonts/verdana-11px-monochrome_cp1250.png,fonts,png,3782,[],[],
fonts/terminus-14px-bold.png,fonts,png,3860,[],[],
fonts/small-9px.png,fonts,png,2825,[],[],
fonts/verdana-9px.otfont,fonts,otfont,114,[],[],
fonts/small-9px.otfont,fonts,otfont,106,[],[],
fonts/terminus-10px.otfont,fonts,otfont,139,[],[],
fonts/verdana-9px.png,fonts,png,2897,[],[],
fonts/sans-bold-16px.otfont,fonts,otfont,111,[],[],
fonts/verdana-11px-rounded_cp1250.png,fonts,png,6141,[],[],
fonts/verdana-11px-monochrome_cp1252.png,fonts,png,3645,[],[],
fonts/sans-bold-16px_cp1252.png,fonts,png,17377,[],[],
locales/sv.lua,locales,lua,17580,[],[],
locales/pl.lua,locales,lua,20091,[],[],
locales/pt.lua,locales,lua,21602,[],[],
locales/es.lua,locales,lua,21143,[],[],
locales/en.lua,locales,lua,297,[],[],
locales/de.lua,locales,lua,16830,[],[],
sounds/Player_Detected.ogg,sounds,ogg,8461,[],[],
sounds/magnum.ogg,sounds,ogg,52698,[],[],
sounds/alarm.ogg,sounds,ogg,118635,[],[],
sounds/Player_Attack.ogg,sounds,ogg,7524,[],[],
sounds/Low_Mana.ogg,sounds,ogg,6713,[],[],
sounds/Low_Health.ogg,sounds,ogg,6433,[],[],
sounds/Creature_Detected.ogg,sounds,ogg,8348,[],[],
sounds/Private_Message.ogg,sounds,ogg,8047,[],[],
images/clienticon.png,images,png,518,[],[],
images/background.png,images,png,453074,[],[],
images/loading.png,images,png,28487,[],[],
images/topbuttons/motd.png,images,png,331,[],[],
images/topbuttons/logout.png,images,png,381,[],[],
images/topbuttons/inventory.png,images,png,753,[],[],
images/topbuttons/audio.png,images,png,814,[],[],
images/topbuttons/terminal.png,images,png,459,[],[],
images/topbuttons/zoomin.png,images,png,162,[],[],
images/topbuttons/combatcontrols.png,images,png,381,[],[],
images/topbuttons/zoomout.png,images,png,143,[],[],
images/topbuttons/unjustifiedpoints.png,images,png,421,[],[],
images/topbuttons/prey_window.png,images,png,1096,[],[],
images/topbuttons/bot.png,images,png,370,[],[],
images/topbuttons/modulemanager.png,images,png,952,[],[],
images/topbuttons/viplist.png,images,png,945,[],[],
images/topbuttons/analyzers.png,images,png,1023,[],[],
images/topbuttons/prey.png,images,png,15900,[],[],
images/topbuttons/login.png,images,png,962,[],[],
images/topbuttons/skills.png,images,png,646,[],[],
images/topbuttons/particles.png,images,png,571,[],[],
images/topbuttons/shop.png,images,png,2898,[],[],
images/topbuttons/minimap.png,images,png,910,[],[],
images/topbuttons/cooldowns.png,images,png,910,[],[],
images/topbuttons/buttons.png,images,png,331,[],[],
images/topbuttons/keypad.png,images,png,2639,[],[],
images/topbuttons/battle.png,images,png,1104,[],[],
images/topbuttons/hotkeys.png,images,png,548,[],[],
images/topbuttons/quest_tracker.png,images,png,731,[],[],
images/topbuttons/audio_mute.png,images,png,822,[],[],
images/topbuttons/questlog.png,images,png,1063,[],[],
images/topbuttons/options.png,images,png,660,[],[],
images/topbuttons/spelllist.png,images,png,706,[],[],
images/topbuttons/healthinfo.png,images,png,238,[],[],
images/topbuttons/debug.png,images,png,784,[],[],
images/optionstab/audio.png,images,png,1043,[],[],
images/optionstab/extras.png,images,png,2171,[],[],
images/optionstab/features.png,images,png,964,[],[],
images/optionstab/graphics.png,images,png,2171,[],[],
images/optionstab/console.png,images,png,1148,[],[],
images/optionstab/game.png,images,png,1637,[],[],
images/crosshair/full.png,images,png,359,[],[],
images/crosshair/default.png,images,png,372,[],[],
images/flags/en.png,images,png,45127,[],[],
images/flags/de.png,images,png,35869,[],[],
images/flags/pl.png,images,png,33152,[],[],
images/flags/sv.png,images,png,43385,[],[],
images/flags/pt.png,images,png,53063,[],[],
images/flags/es.png,images,png,53519,[],[],
images/game/dangerous.png,images,png,227,[],[],
images/game/actionbarslot.png,images,png,2139,[],[],
images/game/floor.png,images,png,1512,[],[],
images/game/skull_socket.png,images,png,338,[],[],
images/shaders/rainbow.png,images,png,184281,[],[],
images/shaders/stars.png,images,png,128113,[],[],
images/shaders/gold.png,images,png,854386,[],[],
images/shaders/sweden.png,images,png,95502,[],[],
images/shaders/brazil.png,images,png,946909,[],[],
images/ui/item-blessed.png,images,png,3137,[],[],
images/ui/window_headless.png,images,png,17419,[],[],
images/ui/arrow_horizontal.png,images,png,20792,[],[],
images/ui/graph_background.png,images,png,22102,[],[],
images/ui/panel_flat.png,images,png,14567,[],[],
images/ui/icon_add.png,images,png,41273,[],[],
images/ui/discord.png,images,png,614,[],[],
images/ui/dark_background.png,images,png,1375,[],[],
images/ui/rarity_purple.png,images,png,15571,[],[],
images/ui/panel_side.png,images,png,14614,[],[],
images/ui/android.png,images,png,8802,[],[],
images/ui/panel_content.png,images,png,14613,[],[],
images/ui/spinbox.png,images,png,15310,[],[],
images/ui/menubox.png,images,png,14599,[],[],
images/ui/panel_bottom2.png,images,png,526,[],[],
images/ui/button_popupmenu.png,images,png,20519,[],[],
images/ui/arrow_vertical.png,images,png,20941,[],[],
images/ui/panel_bottom.png,images,png,14614,[],[],
images/ui/rarity_frames.png,images,png,511,[],[],
images/ui/panel_lightflat.png,images,png,14567,[],[],
images/ui/rarity_blue.png,images,png,15568,[],[],
images/ui/separator_horizontal.png,images,png,17452,[],[],
images/ui/rarity_green.png,images,png,15573,[],[],
images/ui/rarity_gold.png,images,png,15583,[],[],
images/ui/otcicon.rc,images,rc,47,[],[],
images/ui/button_top_blink.png,images,png,462,[],[],
images/ui/checkbox_round.png,images,png,12156,[],[],
images/ui/miniwindow.png,images,png,18237,[],[],
images/ui/progressbar.png,images,png,400,[],[],
images/ui/ios.png,images,png,6413,[],[],
images/ui/textedit.png,images,png,17046,[],[],
images/ui/checkbox.png,images,png,20245,[],[],
images/ui/spinbox_down.png,images,png,14895,[],[],
images/ui/button_rounded.png,images,png,20513,[],[],
images/ui/button_top.png,images,png,17585,[],[],
images/ui/item.png,images,png,15022,[],[],
images/ui/window.png,images,png,720,[],[],
images/ui/button_topgame.png,images,png,223,[],[],
images/ui/qauth.png,images,png,1449,[],[],
images/ui/rarity_white.png,images,png,15353,[],[],
images/ui/tabbutton_rounded.png,images,png,20513,[],[],
images/ui/panel_container.png,images,png,14596,[],[],
shaders/outfit_default_fragment.frag,shaders,frag,497,[],[],
shaders/map_default_fragment.frag,shaders,frag,198,[],[],
shaders/outfit_default_vertex.frag,shaders,frag,479,[],[],
shaders/map_rainbow_fragment.frag,shaders,frag,303,[],[],
shaders/map_rainbow_vertex.frag,shaders,frag,750,[],[],
shaders/outfit_rainbow_vertex.frag,shaders,frag,1304,[],[],
shaders/outfit_rainbow_fragment.frag,shaders,frag,432,[],[],
shaders/map_default_vertex.frag,shaders,frag,357,[],[],
cursors/targetcursor.png,cursors,png,266,[],[],
cursors/textcursor.png,cursors,png,198,[],[],
cursors/horizontalcursor.png,cursors,png,230,[],[],
cursors/verticalcursor.png,cursors,png,238,[],[],
cursors/cursors.otml,cursors,otml,272,[],[],
cursors/pointer.png,cursors,png,230,[],[],
